Date,Open,High,Low,Close,Volume,Dividends,Stock Splits,Symbol
2023-05-04 00:00:00-04:00,23.647635313091566,24.99072357079569,23.388279498476496,24.916622161865234,77004200,0.0,0.0,KVUE
2023-05-05 00:00:00-04:00,24.69431677881715,25.03703688327149,24.27749526890199,24.546113967895508,11289900,0.0,0.0,KVUE
2023-05-08 00:00:00-04:00,24.388649348798726,24.870309389146648,23.99961651108955,24.555377960205078,6308300,0.0,0.0,KVUE
2023-05-09 00:00:00-04:00,24.555377984238856,24.861046516544032,24.147819352259642,24.342336654663086,4684000,0.0,0.0,KVUE
2023-05-10 00:00:00-04:00,24.342337183869677,24.79620854372236,24.092244261078303,24.31454849243164,9602400,0.0,0.0,KVUE
2023-05-11 00:00:00-04:00,24.1107717103132,24.388651576899065,24.082983016967773,24.082983016967773,5687300,0.0,0.0,KVUE
2023-05-12 00:00:00-04:00,24.10150553513058,24.657266959445174,23.990352543580915,24.546113967895508,5433500,0.0,0.0,KVUE
2023-05-15 00:00:00-04:00,24.54611684625799,25.745634702432486,24.54611684625799,25.47238540649414,7083200,0.0,0.0,KVUE
2023-05-16 00:00:00-04:00,25.509435961655353,25.722477297851523,24.999987214170645,25.037038803100586,3818400,0.0,0.0,KVUE
2023-05-17 00:00:00-04:00,25.28713127644637,25.65764011814434,24.63874433690911,25.213029861450195,3392200,0.0,0.0,KVUE
2023-05-18 00:00:00-04:00,25.21302581264281,25.33344169687292,24.731367575872802,25.04629898071289,2648100,0.0,0.0,KVUE
2023-05-19 00:00:00-04:00,25.04630030162441,25.249152969551652,24.72210598346002,25.2222900390625,1794300,0.0,0.0,KVUE
2023-05-22 00:00:00-04:00,25.314918041373677,25.40754524474284,24.045929418665196,24.14781951904297,7509400,0.0,0.0,KVUE
2023-05-23 00:00:00-04:00,24.092245914749583,24.323813059143504,23.906991492547604,24.082983016967773,2485000,0.0,0.0,KVUE
2023-05-24 00:00:00-04:00,24.092246767204728,24.5924308981007,23.95330682899569,24.499805450439453,1953600,0.0,0.0,KVUE
2023-05-25 00:00:00-04:00,24.546114698950046,24.675791720689425,23.990353258083267,24.388648986816406,2139400,0.0,0.0,KVUE
2023-05-26 00:00:00-04:00,24.481278635630552,24.481278635630552,24.268237288126205,24.360862731933594,844100,0.0,0.0,KVUE
2023-05-30 00:00:00-04:00,24.34233637534365,24.546114805636503,23.277126206253808,23.832887649536133,6340200,0.0,0.0,KVUE
2023-05-31 00:00:00-04:00,23.730998990422925,23.730998990422925,23.147448864674555,23.240076065063477,6347800,0.0,0.0,KVUE
2023-06-01 00:00:00-04:00,23.43459114976475,23.749522565062318,22.9251442073982,23.416067123413086,6072700,0.0,0.0,KVUE
2023-06-02 00:00:00-04:00,23.397541738831563,23.805100359870302,23.128923034798767,23.66615867614746,2329400,0.0,0.0,KVUE
2023-06-05 00:00:00-04:00,23.693950066611123,23.869941590458573,22.999248635690098,23.295654296875,4737300,0.0,0.0,KVUE
2023-06-06 00:00:00-04:00,23.156714643898315,23.517958826993652,23.0640874319793,23.314180374145508,1315000,0.0,0.0,KVUE
2023-06-07 00:00:00-04:00,23.249337865301367,23.392908340752147,23.073346369534125,23.230812072753906,1626600,0.0,0.0,KVUE
2023-06-08 00:00:00-04:00,23.14744724893398,23.304912948588637,22.98071865321531,23.25860023498535,2711800,0.0,0.0,KVUE
2023-06-09 00:00:00-04:00,23.203023668088573,23.304913761630587,23.01777104049572,23.249338150024414,1874000,0.0,0.0,KVUE
2023-06-12 00:00:00-04:00,23.16597666547505,23.341968184792336,22.925146630282203,23.17523956298828,2619800,0.0,0.0,KVUE
2023-06-13 00:00:00-04:00,23.1474511860851,23.360492531643267,23.119662493166484,23.277128219604492,2039800,0.0,0.0,KVUE
2023-06-14 00:00:00-04:00,23.277128039731565,23.610585285309888,23.26786690888067,23.47164535522461,2412000,0.0,0.0,KVUE
2023-06-15 00:00:00-04:00,23.52721940047753,24.036668132342403,23.323440967761748,23.85141372680664,1442900,0.0,0.0,KVUE
2023-06-16 00:00:00-04:00,23.94404144017608,24.323811389577653,23.805101516419867,24.31454849243164,2333000,0.0,0.0,KVUE
2023-06-20 00:00:00-04:00,24.03666909699358,24.434963081461188,24.027406199673358,24.13855743408203,1487500,0.0,0.0,KVUE
2023-06-21 00:00:00-04:00,24.258969449743407,24.73136653716301,23.869936658145896,24.268232345581055,3605900,0.0,0.0,KVUE
2023-06-22 00:00:00-04:00,24.26823564261927,24.638742692877898,24.26730811620778,24.59242820739746,1130700,0.0,0.0,KVUE
2023-06-23 00:00:00-04:00,24.59242639881226,24.76841789726114,24.333072366063217,24.527587890625,2793400,0.0,0.0,KVUE
2023-06-26 00:00:00-04:00,24.629480572268328,24.638743469656443,24.101507788164916,24.221921920776367,2507300,0.0,0.0,KVUE
2023-06-27 00:00:00-04:00,24.101506438238278,24.14781915586785,23.332703665255618,23.981090545654297,2904600,0.0,0.0,KVUE
2023-06-28 00:00:00-04:00,23.99035708971518,24.10151010232816,23.777315729483927,23.897729873657227,1807900,0.0,0.0,KVUE
2023-06-29 00:00:00-04:00,23.842151890792636,24.286760363802436,23.81436319871064,24.073719024658203,1353900,0.0,0.0,KVUE
2023-06-30 00:00:00-04:00,24.12003034623182,24.694315773494413,24.05519007321604,24.47201156616211,3936300,0.0,0.0,KVUE
2023-07-03 00:00:00-04:00,24.370122496340674,24.63874119565311,23.89772537344826,24.120031356811523,7558600,0.0,0.0,KVUE
2023-07-05 00:00:00-04:00,23.999616933573645,24.3145483680592,23.73099998458125,23.80510139465332,1990700,0.0,0.0,KVUE
2023-07-06 00:00:00-04:00,23.666158715939027,23.90235816529147,23.50869300527636,23.730998992919922,4856900,0.0,0.0,KVUE
2023-07-07 00:00:00-04:00,23.73100348538232,23.75879041406037,23.351231715182365,23.36049461364746,1793700,0.0,0.0,KVUE
2023-07-10 00:00:00-04:00,23.44385266304261,23.643000509986845,23.249337147450618,23.388277053833008,2121200,0.0,0.0,KVUE
2023-07-11 00:00:00-04:00,23.601319090119038,23.666157597318332,23.161341234059336,23.230812072753906,1942600,0.0,0.0,KVUE
2023-07-12 00:00:00-04:00,23.40680284580846,23.499430038968974,23.119658370339195,23.388277053833008,2320900,0.0,0.0,KVUE
2023-07-13 00:00:00-04:00,23.545743657678127,23.619845061712866,23.04555785540601,23.527217864990234,2477900,0.0,0.0,KVUE
2023-07-14 00:00:00-04:00,23.64763377166473,23.721735175765023,22.89735506759282,23.10113525390625,3830200,0.0,0.0,KVUE
2023-07-17 00:00:00-04:00,23.064085818968735,23.212288640987598,22.915882996949872,23.05482292175293,1709200,0.0,0.0,KVUE
2023-07-18 00:00:00-04:00,22.925143003101653,23.184498792286092,22.920512438436205,22.9807186126709,1713500,0.0,0.0,KVUE
2023-07-19 00:00:00-04:00,23.045560483630833,23.193765075319096,22.693579216003418,23.156713485717773,2870800,0.0,0.0,KVUE
2023-07-20 00:00:00-04:00,22.184129083777393,22.801022416150918,20.831776289069953,22.702838897705078,36675600,0.0,0.0,KVUE
2023-07-21 00:00:00-04:00,22.832521207600163,23.045562566915297,22.02666849481084,22.239709854125977,14585700,0.0,0.0,KVUE
2023-07-24 00:00:00-04:00,21.461639417092293,22.610212048831002,21.415326702660277,22.378644943237305,22641600,0.0,0.0,KVUE
2023-07-25 00:00:00-04:00,22.54537604883703,23.267866134643555,22.369384534336017,23.267866134643555,15018100,0.0,0.0,KVUE
2023-07-26 00:00:00-04:00,23.240076825402944,23.369753850159903,22.494430399616522,22.869569778442383,10716400,0.0,0.0,KVUE
2023-07-27 00:00:00-04:00,23.110400836015124,23.15671355644119,22.19339342446906,22.452749252319336,11476200,0.0,0.0,KVUE
2023-07-28 00:00:00-04:00,22.443484531032755,22.628738931116498,22.276755924300765,22.600950241088867,13214600,0.0,0.0,KVUE
2023-07-31 00:00:00-04:00,22.239708627698505,22.30454714506952,21.762680878425666,21.934040069580078,14630700,0.0,0.0,KVUE
2023-08-01 00:00:00-04:00,21.776572973405752,22.017402999021485,21.656157077239392,21.90625,14685500,0.0,0.0,KVUE
2023-08-02 00:00:00-04:00,21.813624925301944,22.156345086259865,21.646898060564823,22.137819290161133,16233200,0.0,0.0,KVUE
2023-08-03 00:00:00-04:00,22.258231548280115,22.633369140821692,21.99887574557734,22.221179962158203,16111000,0.0,0.0,KVUE
2023-08-04 00:00:00-04:00,22.248970628438837,22.248970628438837,21.55426922738471,21.79509925842285,20999100,0.0,0.0,KVUE
2023-08-07 00:00:00-04:00,21.92477738893985,21.930335480974428,21.600583032157694,21.804363250732422,15379100,0.0,0.0,KVUE
2023-08-08 00:00:00-04:00,21.81362417525619,21.81362417525619,21.49869271927506,21.656158447265625,20150600,0.0,0.0,KVUE
2023-08-09 00:00:00-04:00,21.582053895761778,21.711732678431492,21.3597496826782,21.628368377685547,40849100,0.0,0.0,KVUE
2023-08-10 00:00:00-04:00,21.998877626980896,22.12855465606418,21.406066332066434,21.646896362304688,51365500,0.0,0.0,KVUE
2023-08-11 00:00:00-04:00,21.582055564763344,22.045189819515493,21.53574284597492,21.971088409423828,46062600,0.0,0.0,KVUE
2023-08-14 00:00:00-04:00,21.859937078259577,21.952564282132276,21.16523569928978,21.248600006103516,89481200,0.0,0.0,KVUE
2023-08-15 00:00:00-04:00,21.23007436296321,22.01740295140479,20.970718543618638,21.545005798339844,105996500,0.0,0.0,KVUE
2023-08-16 00:00:00-04:00,21.758045855328955,21.813621468099914,21.128183021535147,21.239336013793945,86179200,0.0,0.0,KVUE
2023-08-17 00:00:00-04:00,21.415328541978937,21.57279425797573,20.887354011836543,21.10039710998535,71709300,0.0,0.0,KVUE
2023-08-18 00:00:00-04:00,21.267126052037298,21.304177643789853,20.711366309486053,21.18376350402832,93530500,0.0,0.0,KVUE
2023-08-21 00:00:00-04:00,21.461638835489666,21.943298826083772,21.128181647121934,21.211545944213867,178017500,0.0,0.0,KVUE
2023-08-22 00:00:00-04:00,21.52647835880333,22.063713983963808,21.415327135234598,21.989612579345703,90558800,0.0,0.0,KVUE
2023-08-23 00:00:00-04:00,22.091505085820813,22.276757734239037,21.878463745117188,21.878463745117188,119406800,0.0,0.0,KVUE
2023-08-24 00:00:00-04:00,22.19339192214101,22.323070710646377,21.433852051579684,21.915512084960938,372341300,0.0,0.0,KVUE
2023-08-25 00:00:00-04:00,21.672630624373003,21.75670562433121,21.317646895265348,21.45777130126953,86974600,0.2,0.0,KVUE
2023-08-28 00:00:00-04:00,21.41106375986097,21.672630624373003,21.121473083215193,21.45777130126953,39395000,0.0,0.0,KVUE
2023-08-29 00:00:00-04:00,21.23357044347247,21.602566053417107,21.084104183050556,21.355012893676758,59445800,0.0,0.0,KVUE
2023-08-30 00:00:00-04:00,21.336331868753177,21.61658069710405,21.158839993849035,21.551189422607422,36094000,0.0,0.0,KVUE
2023-08-31 00:00:00-04:00,21.56987249498921,21.794071907186492,21.495139357590116,21.53250503540039,36119700,0.0,0.0,KVUE
2023-09-01 00:00:00-04:00,21.67262836468199,21.79406902874937,21.364353990903542,21.448427200317383,27565400,0.0,0.0,KVUE
2023-09-05 00:00:00-04:00,21.411065925665458,21.467115337381024,21.102791488561817,21.121475219726562,28465000,0.0,0.0,KVUE
2023-09-06 00:00:00-04:00,21.168181174900454,21.214888717523202,20.831881166325346,20.906614303588867,24727700,0.0,0.0,KVUE
2023-09-07 00:00:00-04:00,20.96266378643462,21.093446320554982,19.580098186937487,19.608123779296875,102648300,0.0,0.0,KVUE
2023-09-08 00:00:00-04:00,19.48668328065308,20.019157067715028,19.033612666640042,19.897714614868164,59635700,0.0,0.0,KVUE
2023-09-11 00:00:00-04:00,20.673072875108993,20.719782199167277,20.177966512540856,20.617023468017578,42830600,0.0,0.0,KVUE
2023-09-12 00:00:00-04:00,20.626364091947554,20.663731548946156,19.626807780354383,19.67351531982422,43697200,0.0,0.0,KVUE
2023-09-13 00:00:00-04:00,19.701544505925412,20.467559696325598,19.692202639971903,20.177968978881836,35434500,0.0,0.0,KVUE
2023-09-14 00:00:00-04:00,20.392823243407786,20.392823243407786,20.079878802719282,20.308748245239258,22195700,0.0,0.0,KVUE
2023-09-15 00:00:00-04:00,20.290065338263275,20.430191528739297,19.804300840230525,19.822982788085938,32263700,0.0,0.0,KVUE
2023-09-18 00:00:00-04:00,19.94442277309487,19.94442277309487,19.45865655358497,19.692197799682617,18035300,0.0,0.0,KVUE
2023-09-19 00:00:00-04:00,19.533390919636297,19.71088277682282,19.32787525147924,19.67351531982422,21142800,0.0,0.0,KVUE
2023-09-20 00:00:00-04:00,19.851007557629504,19.991131960504138,19.505365700878848,19.514707565307617,15623200,0.0,0.0,KVUE
2023-09-21 00:00:00-04:00,19.542733547124783,19.86034981690369,19.34655795377735,19.468000411987305,20599600,0.0,0.0,KVUE
2023-09-22 00:00:00-04:00,19.57076146547101,19.640822785733477,19.1503864167814,19.197093963623047,14865900,0.0,0.0,KVUE
2023-09-25 00:00:00-04:00,19.15972568288795,19.477341947296892,19.122358225061742,19.45865821838379,16272000,0.0,0.0,KVUE
2023-09-26 00:00:00-04:00,19.234458536835607,19.47734166383582,19.131699811087476,19.281166076660156,23574200,0.0,0.0,KVUE
2023-09-27 00:00:00-04:00,19.34655945172564,19.4306344579873,18.720670510100035,18.888818740844727,25270500,0.0,0.0,KVUE
2023-09-28 00:00:00-04:00,18.795404106164614,18.94487039163172,18.63659595513348,18.786062240600586,32556800,0.0,0.0,KVUE
2023-09-29 00:00:00-04:00,18.935527532637327,18.986906899654585,18.70198625112511,18.75803565979004,27974000,0.0,0.0,KVUE
2023-10-02 00:00:00-04:00,18.90750181649915,19.13170123150366,18.809414906518157,18.982234954833984,25296300,0.0,0.0,KVUE
2023-10-03 00:00:00-04:00,19.04762735314797,19.23446110090914,18.599228496655563,18.673961639404297,24924500,0.0,0.0,KVUE
2023-10-04 00:00:00-04:00,18.608567908596818,18.673959177157492,18.262926055346714,18.431076049804688,19610400,0.0,0.0,KVUE
2023-10-05 00:00:00-04:00,18.505810173007063,18.594556998041487,18.29095262715899,18.459102630615234,18014900,0.0,0.0,KVUE
2023-10-06 00:00:00-04:00,18.37502777867036,18.926185335923655,18.113460906519776,18.748693466186523,25090300,0.0,0.0,KVUE
2023-10-09 00:00:00-04:00,18.561861038208008,18.800072351096507,18.375027308342855,18.561861038208008,16032800,0.0,0.0,KVUE
2023-10-10 00:00:00-04:00,18.608570562428422,18.758036849533976,18.337661803437925,18.393712997436523,13937900,0.0,0.0,KVUE
2023-10-11 00:00:00-04:00,18.524495558298156,18.571203104864463,18.08543856252731,18.281612396240234,20414700,0.0,0.0,KVUE
2023-10-12 00:00:00-04:00,18.309635863210897,18.421734674640593,17.968665823962983,18.04806900024414,14461500,0.0,0.0,KVUE
2023-10-13 00:00:00-04:00,18.104118143581463,18.206876870718165,17.982677469329552,18.094778060913086,16410700,0.0,0.0,KVUE
2023-10-16 00:00:00-04:00,18.094779577429428,18.421735951578377,17.837882738057246,18.25358772277832,15272000,0.0,0.0,KVUE
2023-10-17 00:00:00-04:00,18.020044455236164,18.589883917343244,17.758477602909718,18.477785110473633,18750100,0.0,0.0,KVUE
2023-10-18 00:00:00-04:00,18.487124288192092,18.758031183575095,18.393707441523482,18.739347457885742,18294200,0.0,0.0,KVUE
2023-10-19 00:00:00-04:00,18.73000825971034,18.87854087104918,18.515150729050024,18.53383445739746,18831500,0.0,0.0,KVUE
2023-10-20 00:00:00-04:00,18.56186070014228,18.711326968600787,18.421734514406275,18.440418243408203,24056500,0.0,0.0,KVUE
2023-10-23 00:00:00-04:00,18.234904519393606,18.501141449912456,18.146157688034886,18.384370803833008,19716500,0.0,0.0,KVUE
2023-10-24 00:00:00-04:00,18.3843668534435,18.68610209531395,18.35634126296619,18.664615631103516,21650900,0.0,0.0,KVUE
2023-10-25 00:00:00-04:00,18.68330104149165,18.79446619804479,18.42173418547053,18.431076049804688,24711200,0.0,0.0,KVUE
2023-10-26 00:00:00-04:00,17.609011399689642,17.870576471135728,17.28205327860362,17.459545135498047,60514900,0.0,0.0,KVUE
2023-10-27 00:00:00-04:00,17.38014220770272,17.478229120936348,16.89437590152861,17.011146545410156,43215400,0.0,0.0,KVUE
2023-10-30 00:00:00-04:00,17.13258727072184,17.632365433172804,16.646821013942702,17.4128360748291,39398800,0.0,0.0,KVUE
2023-10-31 00:00:00-04:00,17.571644929715546,17.63703620124996,17.28205424930092,17.375471115112305,81622600,0.0,0.0,KVUE
2023-11-01 00:00:00-04:00,17.356786567427815,17.65571909851031,17.193308396297837,17.637035369873047,20218100,0.0,0.0,KVUE
2023-11-02 00:00:00-04:00,17.749139312628433,17.9780105772213,17.543623604133092,17.96399688720703,15439000,0.0,0.0,KVUE
2023-11-03 00:00:00-04:00,18.206876870718165,18.412392543213116,18.02938500978526,18.094778060913086,16872900,0.0,0.0,KVUE
2023-11-06 00:00:00-05:00,18.178850615321995,18.253585528174888,17.97333495031172,18.076093673706055,13242000,0.0,0.0,KVUE
2023-11-07 00:00:00-05:00,18.142169065986995,18.51029964449117,18.110077163575248,18.5008602142334,12172600,0.2,0.0,KVUE
2023-11-08 00:00:00-05:00,18.463101326607845,18.599970356116593,18.038337794170264,18.085533142089844,13552100,0.0,0.0,KVUE
2023-11-09 00:00:00-05:00,18.198804623403376,18.21768168246939,17.972263711127045,18.142168045043945,10423400,0.0,0.0,KVUE
2023-11-10 00:00:00-05:00,18.17048616973013,18.231841562203844,18.019458896246455,18.076093673706055,14475400,0.0,0.0,KVUE
2023-11-13 00:00:00-05:00,18.076093586727126,18.113851305109918,17.929786928961573,18.028898239135742,14283900,0.0,0.0,KVUE
2023-11-14 00:00:00-05:00,18.161047420501916,18.500859698764973,18.047777861339018,18.321514129638672,16003900,0.0,0.0,KVUE
2023-11-15 00:00:00-05:00,18.491420783975627,18.661326927841056,18.39702828178514,18.5008602142334,16026300,0.0,0.0,KVUE
2023-11-16 00:00:00-05:00,18.463102531231115,18.538616173061595,18.37814945912342,18.510299682617188,12665000,0.0,0.0,KVUE
2023-11-17 00:00:00-05:00,18.463098898604684,18.699079207944063,18.387585271631558,18.576370239257812,12840900,0.0,0.0,KVUE
2023-11-20 00:00:00-05:00,18.60468880005131,18.765155500322514,18.368708464381125,18.642446517944336,18248800,0.0,0.0,KVUE
2023-11-21 00:00:00-05:00,18.63300556322004,18.916183023076307,18.614126705818897,18.784032821655273,17662900,0.0,0.0,KVUE
2023-11-22 00:00:00-05:00,18.8784295630649,19.17104471718395,18.85011127058086,18.916187286376953,21322700,0.0,0.0,KVUE
2023-11-24 00:00:00-05:00,18.99169950229407,19.345670029942994,18.99169950229407,19.114408493041992,12663700,0.0,0.0,KVUE
2023-11-27 00:00:00-05:00,19.057773474934493,19.13328711454189,18.887867335721047,19.029455184936523,32839900,0.0,0.0,KVUE
2023-11-28 00:00:00-05:00,19.0200157549372,19.114408254543246,18.953941545329123,19.029455184936523,19154500,0.0,0.0,KVUE
2023-11-29 00:00:00-05:00,19.095527271338728,19.218238047298698,18.93506057996668,18.95393943786621,13457500,0.0,0.0,KVUE
2023-11-30 00:00:00-05:00,19.086088823492435,19.312629728770993,18.916184494823824,19.293752670288086,47302700,0.0,0.0,KVUE
2023-12-01 00:00:00-05:00,19.171040656547834,19.62412423838771,19.171040656547834,19.52973175048828,17798700,0.0,0.0,KVUE
2023-12-04 00:00:00-05:00,19.463659286499023,19.680760767776416,19.350387930831143,19.463659286499023,22516200,0.0,0.0,KVUE
2023-12-05 00:00:00-05:00,19.435339765089868,19.491974539139033,19.029453316898984,19.03889274597168,19199000,0.0,0.0,KVUE
2023-12-06 00:00:00-05:00,19.086089875278805,19.11440816514433,18.14216848440748,18.302635192871094,37456400,0.0,0.0,KVUE
2023-12-07 00:00:00-05:00,18.491421820879193,20.18859294810842,18.40646874418275,19.64300537109375,60070800,0.0,0.0,KVUE
2023-12-08 00:00:00-05:00,19.70907528484776,19.822346629184786,19.444778482039606,19.4542179107666,24534800,0.0,0.0,KVUE
2023-12-11 00:00:00-05:00,19.350385916189676,19.558047946175343,19.161600943194028,19.435338973999023,18094900,0.0,0.0,KVUE
2023-12-12 00:00:00-05:00,19.501415492881915,19.73739583698783,19.227679229920366,19.586368560791016,17755000,0.0,0.0,KVUE
2023-12-13 00:00:00-05:00,19.67132052963447,19.860105514526367,19.364545379281903,19.860105514526367,19393500,0.0,0.0,KVUE
2023-12-14 00:00:00-05:00,19.94506057582241,20.067771379488427,19.661884844941024,19.878986358642578,19302400,0.0,0.0,KVUE
2023-12-15 00:00:00-05:00,19.6996386230996,19.878982376551487,19.614685560775218,19.812908172607422,38178500,0.0,0.0,KVUE
2023-12-18 00:00:00-05:00,19.916742087554276,19.945058577573015,19.709078225351725,19.831789016723633,16832900,0.0,0.0,KVUE
2023-12-19 00:00:00-05:00,21.002248552675916,21.054164511317477,20.04416902628442,20.265989303588867,50883800,0.0,0.0,KVUE
2023-12-20 00:00:00-05:00,20.19047823482681,20.46421630589325,19.723238148540574,19.77515411376953,24956700,0.0,0.0,KVUE
2023-12-21 00:00:00-05:00,19.86954352327895,20.048889082316187,19.74683454102426,20.030010223388672,14647200,0.0,0.0,KVUE
2023-12-22 00:00:00-05:00,20.058330844969706,20.218797563744957,20.020573122722688,20.16216278076172,9576800,0.0,0.0,KVUE
2023-12-26 00:00:00-05:00,20.058328783708287,20.195197812207674,19.949778043984082,20.096086502075195,8128600,0.0,0.0,KVUE
2023-12-27 00:00:00-05:00,20.0772082160936,20.34150505065918,20.067768786232378,20.34150505065918,10852400,0.0,0.0,KVUE
2023-12-28 00:00:00-05:00,20.31790526223043,20.435895422638723,20.190475672943037,20.265989303588867,8146900,0.0,0.0,KVUE
2023-12-29 00:00:00-05:00,20.209356663125988,20.350944510478428,20.13384302451221,20.322628021240234,9357100,0.0,0.0,KVUE
2024-01-02 00:00:00-05:00,20.247116326175398,20.629403370684535,20.218798033831735,20.36038589477539,35216200,0.0,0.0,KVUE
2024-01-03 00:00:00-05:00,20.218795407862178,20.38870153908249,19.996973314281536,20.077207565307617,18892500,0.0,0.0,KVUE
2024-01-04 00:00:00-05:00,20.096085396783582,20.185757272392348,19.7185154354294,19.727954864501953,16729000,0.0,0.0,KVUE
2024-01-05 00:00:00-05:00,19.82235044488571,20.209358095254878,19.76477045868326,20.15272331237793,24853800,0.0,0.0,KVUE
2024-01-08 00:00:00-05:00,20.05832955405517,20.435897750289364,20.05832955405517,20.41701889038086,14321000,0.0,0.0,KVUE
2024-01-09 00:00:00-05:00,20.31318750510541,20.634120902148656,20.31318750510541,20.62468147277832,18106300,0.0,0.0,KVUE
2024-01-10 00:00:00-05:00,20.577484120497903,20.671876612871884,20.341503789756473,20.54916763305664,17925900,0.0,0.0,KVUE
2024-01-11 00:00:00-05:00,20.473654406527977,20.709634741963885,20.256551129632758,20.7001953125,16607600,0.0,0.0,KVUE
2024-01-12 00:00:00-05:00,20.76627229507419,20.804030017978423,20.237676777126207,20.30375099182129,16986400,0.0,0.0,KVUE
2024-01-16 00:00:00-05:00,20.22823468064011,20.28959007208016,19.897861850315266,20.03944969177246,12962400,0.0,0.0,KVUE
2024-01-17 00:00:00-05:00,19.878984251830047,20.05361100774077,19.75155464632244,19.803470611572266,14488900,0.0,0.0,KVUE
2024-01-18 00:00:00-05:00,19.71851559229886,19.83178694168364,19.5674883267105,19.76571273803711,9154600,0.0,0.0,KVUE
2024-01-19 00:00:00-05:00,19.775155329602477,19.775155329602477,19.378708243936963,19.548612594604492,15841200,0.0,0.0,KVUE
2024-01-22 00:00:00-05:00,19.36926630538094,19.529733005001635,19.142725400102382,19.293752670288086,20041600,0.0,0.0,KVUE
2024-01-23 00:00:00-05:00,19.440060496477777,19.803470449872023,19.407023391658953,19.737396240234375,16013200,0.0,0.0,KVUE
2024-01-24 00:00:00-05:00,19.699639094269685,19.798750402556298,19.265434343072446,19.284313201904297,12345100,0.0,0.0,KVUE
2024-01-25 00:00:00-05:00,19.444780714404896,19.624126280033792,19.294696841073005,19.586368560791016,12613600,0.0,0.0,KVUE
2024-01-26 00:00:00-05:00,19.71851530621435,19.812907795934343,19.62412461688135,19.67131996154785,14121400,0.0,0.0,KVUE
2024-01-29 00:00:00-05:00,19.67132052963447,19.926179719122416,19.652441671067873,19.860105514526367,10817100,0.0,0.0,KVUE
2024-01-30 00:00:00-05:00,19.775151998850596,19.803468485665483,19.55144131076835,19.69963836669922,10593500,0.0,0.0,KVUE
2024-01-31 00:00:00-05:00,19.775153595156734,19.78459122459886,19.56748973968698,19.595808029174805,13225600,0.0,0.0,KVUE
2024-02-01 00:00:00-05:00,19.614685277301067,19.822347315322265,19.388144381172395,19.718515396118164,11400600,0.0,0.0,KVUE
2024-02-02 00:00:00-05:00,19.558048574641294,19.746833553703237,19.473095514102116,19.661880493164062,12677200,0.0,0.0,KVUE
2024-02-05 00:00:00-05:00,19.586369763196327,19.586369763196327,19.117241055166655,19.331510543823242,12643400,0.0,0.0,KVUE
2024-02-06 00:00:00-05:00,19.293751183832754,19.586366272225124,19.255993469001773,19.444778442382812,13267100,0.0,0.0,KVUE
2024-02-07 00:00:00-05:00,19.576926630814484,19.576926630814484,19.265432688390998,19.369264602661133,26170300,0.0,0.0,KVUE
2024-02-08 00:00:00-05:00,18.736839841937737,18.920904223848726,18.217682000243315,18.246000289916992,44119600,0.0,0.0,KVUE
2024-02-09 00:00:00-05:00,18.123291302105386,18.515017740461847,18.010019943797843,18.246000289916992,24589600,0.0,0.0,KVUE
2024-02-12 00:00:00-05:00,18.37814748771218,18.5386141844372,18.222401405813006,18.491418838500977,17750800,0.0,0.0,KVUE
2024-02-13 00:00:00-05:00,18.500954598604547,18.677380721669874,18.205321291503164,18.357906341552734,16678500,0.2,0.0,KVUE
2024-02-14 00:00:00-05:00,18.329296943314876,18.46757772074551,18.12902973651799,18.205322265625,15853000,0.0,0.0,KVUE
2024-02-15 00:00:00-05:00,18.22439414129514,18.36744239256829,18.1194912415148,18.167173385620117,18646500,0.0,0.0,KVUE
2024-02-16 00:00:00-05:00,18.129028034127305,18.214857348682635,18.038431232744323,18.167173385620117,16387200,0.0,0.0,KVUE
2024-02-20 00:00:00-05:00,18.10995629997917,18.243467772286454,17.976444827671887,18.176712036132812,15817600,0.0,0.0,KVUE
2024-02-21 00:00:00-05:00,18.214857750439098,18.438966015425777,18.02412553189654,18.405588150024414,12660700,0.0,0.0,KVUE
2024-02-22 00:00:00-05:00,18.36744352335712,18.424662463597617,18.0718102099977,18.300687789916992,11359000,0.0,0.0,KVUE
2024-02-23 00:00:00-05:00,18.26254066707576,18.42943182008993,18.16717455377585,18.29115104675293,13774600,0.0,0.0,KVUE
2024-02-26 00:00:00-05:00,18.253005355991107,18.254913442374114,17.966908811817706,18.062274932861328,17420200,0.0,0.0,KVUE
2024-02-27 00:00:00-05:00,18.033664652479356,18.090883597844968,17.852469203371196,18.043201446533203,15954200,0.0,0.0,KVUE
2024-02-28 00:00:00-05:00,18.052736871031406,18.281614454087723,17.842931055678445,18.25300407409668,16447700,0.0,0.0,KVUE
2024-02-29 00:00:00-05:00,18.27207854727098,18.372212153661838,18.02412736552402,18.11949348449707,19298500,0.0,0.0,KVUE
2024-03-01 00:00:00-05:00,17.947834014892578,18.062273716228024,17.823859339156744,17.947834014892578,14047900,0.0,0.0,KVUE
2024-03-04 00:00:00-05:00,17.890616090715916,18.19578621968172,17.74756782013288,18.08134651184082,18745500,0.0,0.0,KVUE
2024-03-05 00:00:00-05:00,18.03366410895441,18.310225671308157,17.95737157778052,18.129030227661133,19216100,0.0,0.0,KVUE
2024-03-06 00:00:00-05:00,18.11949188543946,18.84427177913191,18.10995509248804,18.6726131439209,17447900,0.0,0.0,KVUE
2024-03-07 00:00:00-05:00,18.777516591243895,19.2924906928338,18.753675517653523,18.882417678833008,22510900,0.0,0.0,KVUE
2024-03-08 00:00:00-05:00,18.77751721004088,19.197125212139785,18.7584436229571,19.09222412109375,11932400,0.0,0.0,KVUE
2024-03-11 00:00:00-04:00,19.13036864832443,19.397393399068157,19.092223294765216,19.216197967529297,12106400,0.0,0.0,KVUE
2024-03-12 00:00:00-04:00,19.25434519013493,19.44412246271359,19.18758945701466,19.206661224365234,12156700,0.0,0.0,KVUE
2024-03-13 00:00:00-04:00,19.263884160451713,19.597662863776005,19.263884160451713,19.46415138244629,23717400,0.0,0.0,KVUE
2024-03-14 00:00:00-04:00,19.321099440319895,19.4260023380044,18.992088287069176,19.139904022216797,18494000,0.0,0.0,KVUE
2024-03-15 00:00:00-04:00,18.882418244328015,19.468919222168342,18.882418244328015,19.39739418029785,68561900,0.0,0.0,KVUE
2024-03-18 00:00:00-04:00,19.17805426410836,19.43554042492055,19.044540967769954,19.263883590698242,18907400,0.0,0.0,KVUE
2024-03-19 00:00:00-04:00,19.397395068079188,19.45461401281996,19.168517470158655,19.263883590698242,18217300,0.0,0.0,KVUE
2024-03-20 00:00:00-04:00,19.225736983524648,19.468920689040928,19.144676960990893,19.46415138244629,13173300,0.0,0.0,KVUE
2024-03-21 00:00:00-04:00,19.473688198126464,19.95051699649493,19.473688198126464,19.750247955322266,18323600,0.0,0.0,KVUE
2024-03-22 00:00:00-04:00,19.817004336100048,19.902833660216967,19.588126744774065,19.64534568786621,10408800,0.0,0.0,KVUE
2024-03-25 00:00:00-04:00,19.750244525548887,19.936209252542774,19.611965580442885,19.693025588989258,11924700,0.0,0.0,KVUE
2024-03-26 00:00:00-04:00,19.759783462110295,20.045881813865066,19.683490932100504,19.960052490234375,14484300,0.0,0.0,KVUE
2024-03-27 00:00:00-04:00,20.03634379906438,20.465488572104825,20.00773341994544,20.45595359802246,13286700,0.0,0.0,KVUE
2024-03-28 00:00:00-04:00,20.57993004859743,20.57993004859743,20.370126040461116,20.465490341186523,14405400,0.0,0.0,KVUE
2024-04-01 00:00:00-04:00,20.446418091630875,20.484563447232585,20.13171117734782,20.24614906311035,10457500,0.0,0.0,KVUE
2024-04-02 00:00:00-04:00,20.26522132023706,20.312903466348825,19.83607472940207,19.855148315429688,15495100,0.0,0.0,KVUE
2024-04-03 00:00:00-04:00,19.788393619553155,19.817004000092826,19.292491270609766,19.39739418029785,15066200,0.0,0.0,KVUE
2024-04-04 00:00:00-04:00,19.55951514273413,19.62627087533393,19.216197867698252,19.235271453857422,12183400,0.0,0.0,KVUE
2024-04-05 00:00:00-04:00,19.18759071793627,19.36878434289642,19.120833161471694,19.311565399169922,11313100,0.0,0.0,KVUE
2024-04-08 00:00:00-04:00,19.311566548450983,19.321103342799198,19.12083429940179,19.13037109375,9262800,0.0,0.0,KVUE
2024-04-09 00:00:00-04:00,19.158979749633502,19.50229703938936,19.063613633706055,19.406930923461914,10106700,0.0,0.0,KVUE
2024-04-10 00:00:00-04:00,19.206664434831602,19.349714537094744,19.08268974102217,19.302030563354492,11808100,0.0,0.0,KVUE
2024-04-11 00:00:00-04:00,19.03500106955223,19.05407465434108,18.453271285149636,18.54863739013672,25410000,0.0,0.0,KVUE
2024-04-12 00:00:00-04:00,18.539102468114308,18.634468582722683,18.22916305037643,18.243467330932617,9414800,0.0,0.0,KVUE
2024-04-15 00:00:00-04:00,18.405589180079648,18.453273146862507,18.129029448568446,18.243467330932617,13423300,0.0,0.0,KVUE
2024-04-16 00:00:00-04:00,18.19578537158705,18.28161469372791,17.976444578985905,18.224395751953125,20306600,0.0,0.0,KVUE
2024-04-17 00:00:00-04:00,18.434198766599803,18.453272352491872,18.16717402098262,18.37697982788086,10022900,0.0,0.0,KVUE
2024-04-18 00:00:00-04:00,18.472345948812897,18.701223522775155,18.367443045304555,18.6726131439209,11215700,0.0,0.0,KVUE
2024-04-19 00:00:00-04:00,18.586783826315393,18.77751604742924,18.486650228761395,18.6726131439209,9506100,0.0,0.0,KVUE
2024-04-22 00:00:00-04:00,18.6726131439209,18.796587814374814,18.29115052065047,18.6726131439209,17453800,0.0,0.0,KVUE
2024-04-23 00:00:00-04:00,18.691684196102678,18.801354571741907,18.372208041886644,18.47234344482422,19765100,0.0,0.0,KVUE
2024-04-24 00:00:00-04:00,18.376980618967277,18.453273146862507,18.21962625701986,18.243467330932617,22713800,0.0,0.0,KVUE
2024-04-25 00:00:00-04:00,18.32929546134436,18.40082049739305,18.10995468526564,18.138565063476562,14246300,0.0,0.0,KVUE
2024-04-26 00:00:00-04:00,18.119492455152027,18.1957849822049,17.96213809494198,17.985980987548828,15454700,0.0,0.0,KVUE
2024-04-29 00:00:00-04:00,17.976444827671887,18.19101813599244,17.904919785245905,18.176712036132812,13240500,0.0,0.0,KVUE
2024-04-30 00:00:00-04:00,18.033663336154824,18.176711598606122,17.871541486988065,17.947834014892578,26872700,0.0,0.0,KVUE
2024-05-01 00:00:00-04:00,18.014591509934778,18.129031222453968,17.7761771095642,17.9764461517334,12771100,0.0,0.0,KVUE
2024-05-02 00:00:00-04:00,18.06227196191653,18.367442043894723,18.06227196191653,18.233930587768555,22724700,0.0,0.0,KVUE
2024-05-03 00:00:00-04:00,18.20532162712905,18.453272792770047,18.191017346847342,18.310224533081055,15941000,0.0,0.0,KVUE
2024-05-06 00:00:00-04:00,18.424663110415224,18.481882052664453,18.05750474464771,18.195785522460938,26549600,0.0,0.0,KVUE
2024-05-07 00:00:00-04:00,18.745128960317242,19.49686043246554,18.745128960317242,19.352296829223633,30039600,0.2,0.0,KVUE
2024-05-08 00:00:00-04:00,19.352297066194268,19.930553324468647,19.265558535541814,19.70888900756836,24428800,0.0,0.0,KVUE
2024-05-09 00:00:00-04:00,19.766714137619868,19.86309048730813,19.62696852248319,19.79562759399414,14394600,0.0,0.0,KVUE
2024-05-10 00:00:00-04:00,19.843814849725284,19.867908477590856,19.593237075826195,19.79562759399414,15019500,0.0,0.0,KVUE
2024-05-13 00:00:00-04:00,19.564323508721326,20.031747607216968,19.439035541593878,19.622150421142578,20853100,0.0,0.0,KVUE
2024-05-14 00:00:00-04:00,19.757076305320393,20.19076895950806,19.651062136913193,19.88236427307129,21289500,0.0,0.0,KVUE
2024-05-15 00:00:00-04:00,19.46794910798964,19.993198283653385,19.390848395884227,19.79562759399414,97658200,0.0,0.0,KVUE
2024-05-16 00:00:00-04:00,19.90163993826019,20.185949159016445,19.771532141823325,19.853452682495117,71519400,0.0,0.0,KVUE
2024-05-17 00:00:00-04:00,19.96910271942653,19.988378356914648,19.641424235032357,19.72816276550293,31071000,0.0,0.0,KVUE
2024-05-20 00:00:00-04:00,19.757075904138382,19.8052631588581,19.159544019193806,19.17881965637207,24636700,0.0,0.0,KVUE
2024-05-21 00:00:00-04:00,19.207731237797187,19.371570461372666,18.95715349360964,19.246280670166016,27778900,0.0,0.0,KVUE
2024-05-22 00:00:00-04:00,19.159543991088867,19.400483940785904,19.087263109115316,19.159543991088867,15202600,0.0,0.0,KVUE
2024-05-23 00:00:00-04:00,19.14027193211543,19.178821371693815,18.677665789592098,18.735492706298828,16089700,0.0,0.0,KVUE
2024-05-24 00:00:00-04:00,18.764402357349713,18.841503066641884,18.44154371163435,18.648752212524414,24363700,0.0,0.0,KVUE
2024-05-28 00:00:00-04:00,18.513824519849468,18.706577211435484,18.407812193880467,18.55237579345703,16231100,0.0,0.0,KVUE
2024-05-29 00:00:00-04:00,18.369260722809155,18.484912704162724,18.16687205322276,18.186147689819336,13001900,0.0,0.0,KVUE
2024-05-30 00:00:00-04:00,18.18614961877553,18.427089587110935,18.157236160813895,18.301799774169922,17340100,0.0,0.0,KVUE
2024-05-31 00:00:00-04:00,18.32107366853398,18.639114322928272,18.18614788734425,18.600563049316406,31659300,0.0,0.0,KVUE
2024-06-03 00:00:00-04:00,18.446365409966713,18.76440612951006,18.427091607438538,18.542741775512695,15902600,0.0,0.0,KVUE
2024-06-04 00:00:00-04:00,18.562013538163647,18.562013538163647,18.229517076635048,18.45599937438965,18523500,0.0,0.0,KVUE
2024-06-05 00:00:00-04:00,18.378900490508208,18.484914664808127,18.137960522172804,18.301799774169922,20674500,0.0,0.0,KVUE
2024-06-06 00:00:00-04:00,18.166873774668616,18.292161747966556,17.848833093591946,17.954845428466797,27907800,0.0,0.0,KVUE
2024-06-07 00:00:00-04:00,18.003034407758054,18.08013512272427,17.704269367042237,17.723543167114258,17923400,0.0,0.0,KVUE
2024-06-10 00:00:00-04:00,17.617532742550434,17.742820728616145,17.429598006112496,17.62717056274414,16438100,0.0,0.0,KVUE
2024-06-11 00:00:00-04:00,17.550066137155298,17.810281740068486,17.434415983566804,17.800643920898438,23197400,0.0,0.0,KVUE
2024-06-12 00:00:00-04:00,17.829557097907312,17.92593344986553,17.251300824384032,17.309125900268555,19717800,0.0,0.0,KVUE
2024-06-13 00:00:00-04:00,17.34767727154582,17.50187870023481,17.18672955332951,17.376590728759766,14768100,0.0,0.0,KVUE
2024-06-14 00:00:00-04:00,17.241664973642756,17.42477987944483,17.106739168433982,17.415142059326172,15356100,0.0,0.0,KVUE
2024-06-17 00:00:00-04:00,17.309126386421767,18.137960463025067,17.309126386421767,18.10904884338379,20146700,0.0,0.0,KVUE
2024-06-18 00:00:00-04:00,18.099408934669523,18.2006032681841,17.73317919686554,17.848831176757812,21747100,0.0,0.0,KVUE
2024-06-20 00:00:00-04:00,17.974121209225896,18.176511737818892,17.87774485457333,18.157236099243164,24977100,0.0,0.0,KVUE
2024-06-21 00:00:00-04:00,18.224698855737266,18.30179957122058,17.73318110519638,17.858470916748047,63342100,0.0,0.0,KVUE
2024-06-24 00:00:00-04:00,18.137958572345536,18.29215998844548,18.007850782843853,18.215059280395508,19862800,0.0,0.0,KVUE
2024-06-25 00:00:00-04:00,18.09940898481729,18.18614751042036,17.84883122621131,17.974119186401367,15265400,0.0,0.0,KVUE
2024-06-26 00:00:00-04:00,17.829555572382084,17.935569734287984,17.598253450408556,17.91629409790039,16542100,0.0,0.0,KVUE
2024-06-27 00:00:00-04:00,17.887380535135822,17.945207443948863,17.66571623269672,17.75245475769043,18657600,0.0,0.0,KVUE
2024-06-28 00:00:00-04:00,17.762094366689418,17.916295795953186,17.386228612637236,17.521154403686523,57323300,0.0,0.0,KVUE
2024-07-01 00:00:00-04:00,17.56933961835208,17.728360857794375,17.236843169826123,17.299488067626953,21089800,0.0,0.0,KVUE
2024-07-02 00:00:00-04:00,17.357315167246718,17.59825513041523,17.33803952901899,17.5789794921875,14781800,0.0,0.0,KVUE
2024-07-03 00:00:00-04:00,17.713905308998857,17.747638595059286,17.540430079376016,17.646442413330078,5859500,0.0,0.0,KVUE
2024-07-05 00:00:00-04:00,17.617530794172627,17.65608023245791,17.482603164609028,17.646442413330078,12172600,0.0,0.0,KVUE
2024-07-08 00:00:00-04:00,17.627168601314214,17.627168601314214,17.347677361475277,17.5886173248291,15968400,0.0,0.0,KVUE
2024-07-09 00:00:00-04:00,17.598255103300357,17.636804541470383,17.323583692769542,17.559703826904297,12147200,0.0,0.0,KVUE
2024-07-10 00:00:00-04:00,17.482602886504143,17.578979238023308,17.034454414432147,17.058549880981445,24692600,0.0,0.0,KVUE
2024-07-11 00:00:00-04:00,17.12601475948715,17.289854024581377,17.029638396803566,17.270578384399414,35772200,0.0,0.0,KVUE
2024-07-12 00:00:00-04:00,17.45369158548446,17.742818807078397,17.30912613646145,17.675355911254883,12523500,0.0,0.0,KVUE
2024-07-15 00:00:00-04:00,17.67535580700701,17.723543064246442,17.43441584435776,17.453691482543945,14171600,0.0,0.0,KVUE
2024-07-16 00:00:00-04:00,17.395864618855626,17.694631496937117,17.352495351922897,17.5886173248291,15408300,0.0,0.0,KVUE
2024-07-17 00:00:00-04:00,17.607891190854254,18.08977106906115,17.607891190854254,17.771730422973633,17834900,0.0,0.0,KVUE
2024-07-18 00:00:00-04:00,17.781368135619918,18.070495325538193,17.646440520528994,17.656078338623047,14131000,0.0,0.0,KVUE
2024-07-19 00:00:00-04:00,17.791006011697814,17.81991946906165,17.497060800516024,17.5886173248291,15412400,0.0,0.0,KVUE
2024-07-22 00:00:00-04:00,17.55006602133301,17.607892935971677,17.34767733477579,17.5693416595459,15788700,0.0,0.0,KVUE
2024-07-23 00:00:00-04:00,17.434413813418224,17.569339588551934,17.260936766402985,17.28021240234375,12491000,0.0,0.0,KVUE
2024-07-24 00:00:00-04:00,17.270574727122717,17.5886153698708,17.20311183899825,17.51151466369629,9390800,0.0,0.0,KVUE
2024-07-25 00:00:00-04:00,17.665718039573285,18.031945975051638,17.578979505707824,17.5886173248291,11082200,0.0,0.0,KVUE
2024-07-26 00:00:00-04:00,17.704271435763705,18.104230866940043,17.64644451411251,18.01267433166504,11484600,0.0,0.0,KVUE
2024-07-29 00:00:00-04:00,17.974121156237125,18.2150611230452,17.848833182316397,18.118684768676758,12564800,0.0,0.0,KVUE
2024-07-30 00:00:00-04:00,17.84882941659734,18.12831876325091,17.64162094180084,18.070493698120117,12381300,0.0,0.0,KVUE
2024-07-31 00:00:00-04:00,17.993396655052724,18.080135189488267,17.694631613233664,17.81991958618164,42056200,0.0,0.0,KVUE
2024-08-01 00:00:00-04:00,17.993396705312968,18.022310162947594,17.72354328206795,17.954845428466797,12817600,0.0,0.0,KVUE
2024-08-02 00:00:00-04:00,17.974119292640015,18.157234163131687,17.752454987333497,18.137958526611328,17688600,0.0,0.0,KVUE
2024-08-05 00:00:00-04:00,18.031945962709262,18.186149230318115,17.448871692966357,17.530792236328125,21724900,0.0,0.0,KVUE
2024-08-06 00:00:00-04:00,19.419762017502393,20.16185759696767,19.18942308783423,20.104032516479492,44403600,0.0,0.0,KVUE
2024-08-07 00:00:00-04:00,19.940191241233798,20.28714352732283,19.70888910443245,19.87272834777832,24344700,0.0,0.0,KVUE
2024-08-08 00:00:00-04:00,19.82453956184087,20.590728706127607,19.67033813490998,20.479896545410156,21849700,0.0,0.0,KVUE
2024-08-09 00:00:00-04:00,20.43170918063434,20.46544062770772,20.15703777547907,20.25823211669922,20636700,0.0,0.0,KVUE
2024-08-12 00:00:00-04:00,20.3160572189186,20.38833994172957,20.084755079439905,20.325695037841797,17481100,0.0,0.0,KVUE
2024-08-13 00:00:00-04:00,20.373880539080478,20.711196819429503,20.35460674112047,20.566633224487305,16625400,0.0,0.0,KVUE
2024-08-14 00:00:00-04:00,20.59096334533149,20.892626279467695,20.552039993857168,20.61042594909668,16462400,0.205,0.0,KVUE
2024-08-15 00:00:00-04:00,20.620156648165207,21.038593336603817,20.610425346567098,20.98993682861328,10727900,0.0,0.0,KVUE
2024-08-16 00:00:00-04:00,20.863433481408492,21.126171198588704,20.785584925196577,21.087247848510742,11269800,0.0,0.0,KVUE
2024-08-19 00:00:00-04:00,21.14563382819222,21.330524845448537,21.048322668791215,21.058053970336914,10019600,0.0,0.0,KVUE
2024-08-20 00:00:00-04:00,21.058054101565144,21.12617135675354,20.819643708405753,20.970474243164062,11291400,0.0,0.0,KVUE
2024-08-21 00:00:00-04:00,21.0677852278585,21.262407546253826,20.98993667171157,21.10671043395996,8446800,0.0,0.0,KVUE
2024-08-22 00:00:00-04:00,21.10671060066157,21.179692578594242,20.659080007239314,20.980205535888672,12239500,0.0,0.0,KVUE
2024-08-23 00:00:00-04:00,21.02886166290631,21.31592855877491,21.019130361480393,21.233213424682617,6785500,0.0,0.0,KVUE
2024-08-26 00:00:00-04:00,21.272138407004526,21.461894142677295,21.218617177752012,21.369447708129883,9431500,0.0,0.0,KVUE
2024-08-27 00:00:00-04:00,21.40837108511691,21.495950933495035,21.1553628404752,21.330522537231445,10096300,0.0,0.0,KVUE
2024-08-28 00:00:00-04:00,21.359718626933834,21.36653035237095,21.009399197532407,21.135902404785156,7896100,0.0,0.0,KVUE
2024-08-29 00:00:00-04:00,21.223482235768024,21.340255997442085,20.95101321862185,21.165096282958984,12053500,0.0,0.0,KVUE
2024-08-30 00:00:00-04:00,21.242944562597724,21.364583045401435,21.135902103792557,21.359718322753906,14008500,0.0,0.0,KVUE
2024-09-03 00:00:00-04:00,21.16509577953812,21.641918404258476,21.067784623133655,21.50568389892578,13879900,0.0,0.0,KVUE
2024-09-04 00:00:00-04:00,21.44729548678906,22.021427345985973,21.408370286270912,21.90465545654297,22620800,0.0,0.0,KVUE
2024-09-05 00:00:00-04:00,21.953310101134935,22.070083846633654,21.778150410914712,21.90465545654297,15490300,0.0,0.0,KVUE
2024-09-06 00:00:00-04:00,21.904656877454222,22.381479478397736,21.894925576693435,22.2452449798584,18883300,0.0,0.0,KVUE
2024-09-09 00:00:00-04:00,22.254977689241077,22.60529525852344,22.021430168311557,22.57610321044922,21843100,0.0,0.0,KVUE
2024-09-10 00:00:00-04:00,22.53717818688088,22.83494895839992,22.27443861575609,22.43013572692871,15021200,0.0,0.0,KVUE
2024-09-11 00:00:00-04:00,22.527444938107255,22.60529348696418,22.065218367244853,22.469058990478516,12941500,0.0,0.0,KVUE
2024-09-12 00:00:00-04:00,22.478792207990413,22.566372064929872,22.157666684564376,22.45932960510254,9269900,0.0,0.0,KVUE
2024-09-13 00:00:00-04:00,22.53717768980367,22.780454652652203,22.420405787027693,22.7609920501709,11090800,0.0,0.0,KVUE
2024-09-16 00:00:00-04:00,22.868034516321902,22.91668916648745,22.546908999483875,22.75126075744629,9220800,0.0,0.0,KVUE
2024-09-17 00:00:00-04:00,22.83884060404019,22.887497110243455,22.527446388563018,22.7609920501709,13263700,0.0,0.0,KVUE
2024-09-18 00:00:00-04:00,22.809648884068174,22.887497439055874,22.454464735933286,22.56637191772461,15225500,0.0,0.0,KVUE
2024-09-19 00:00:00-04:00,22.712338138996877,22.819380600070886,22.269574126448923,22.284170150756836,13622500,0.0,0.0,KVUE
2024-09-20 00:00:00-04:00,22.21605084831958,22.41067314941525,22.099277096451015,22.400941848754883,75871900,0.0,0.0,KVUE
2024-09-23 00:00:00-04:00,22.21605084831958,22.527445045227992,22.147933599752843,22.400941848754883,20080800,0.0,0.0,KVUE
2024-09-24 00:00:00-04:00,22.410673027125434,22.571234847005766,22.181992102994254,22.488521575927734,14365300,0.0,0.0,KVUE
2024-09-25 00:00:00-04:00,22.585832933914272,22.705526271871666,22.323095217730874,22.381481170654297,12625600,0.0,0.0,KVUE
2024-09-26 00:00:00-04:00,22.527446764182777,22.663683127767577,22.41067485945976,22.507984161376953,12504500,0.0,0.0,KVUE
2024-09-27 00:00:00-04:00,22.51771529951593,22.804782192624586,22.410674696971924,22.634489059448242,12450000,0.0,0.0,KVUE
2024-09-30 00:00:00-04:00,22.731800381531993,22.85830358765792,22.454464787744882,22.507984161376953,17088300,0.0,0.0,KVUE
2024-10-01 00:00:00-04:00,22.54690993678336,22.5566412384322,22.070087292326434,22.16739845275879,13640500,0.0,0.0,KVUE
2024-10-02 00:00:00-04:00,22.08955008135288,22.118742130488826,21.79761659760124,22.02143096923828,16504900,0.0,0.0,KVUE
2024-10-03 00:00:00-04:00,21.87546381621254,21.943581068101096,21.651649458277028,21.671112060546875,10312400,0.0,0.0,KVUE
2024-10-04 00:00:00-04:00,21.70030617200905,21.74993525570106,21.5251483030873,21.564071655273438,8451600,0.0,0.0,KVUE
2024-10-07 00:00:00-04:00,21.612722720568996,21.63705189970839,21.29159723012023,21.398639678955078,9859300,0.0,0.0,KVUE
2024-10-08 00:00:00-04:00,21.47649036579584,21.481356944530805,21.1748274461867,21.262407302856445,11377100,0.0,0.0,KVUE
2024-10-09 00:00:00-04:00,21.233211955313838,21.296464482177136,20.92181775545736,20.951011657714844,10437800,0.0,0.0,KVUE
2024-10-10 00:00:00-04:00,20.960743232436734,21.019129181659004,20.678541075093353,20.746658325195312,11911600,0.0,0.0,KVUE
2024-10-11 00:00:00-04:00,20.814777260374765,20.93155102432868,20.736928703090822,20.88289451599121,14513000,0.0,0.0,KVUE
2024-10-14 00:00:00-04:00,20.785585036896318,21.101843986182267,20.717467781851838,21.01913070678711,18677100,0.0,0.0,KVUE
2024-10-15 00:00:00-04:00,21.00939916274638,21.393777218696965,20.960744511434953,21.174827575683594,11925300,0.0,0.0,KVUE
2024-10-16 00:00:00-04:00,21.07751644316683,21.262407459280496,21.03859309328057,21.145633697509766,13919600,0.0,0.0,KVUE
2024-10-17 00:00:00-04:00,21.25267467443499,21.25267467443499,20.795314672871655,20.8731632232666,12260700,0.0,0.0,KVUE
2024-10-18 00:00:00-04:00,20.931550641671645,21.155365007764342,20.809912157135702,21.135902404785156,13309700,0.0,0.0,KVUE
2024-10-21 00:00:00-04:00,22.33282473100953,22.760990826238803,22.18685707630482,22.303630828857422,38291800,0.0,0.0,KVUE
2024-10-22 00:00:00-04:00,21.9435819944174,22.430135935367282,21.924121247381954,22.313364028930664,18080900,0.0,0.0,KVUE
2024-10-23 00:00:00-04:00,22.206319908816884,22.33768968578465,21.90465700766267,22.147933959960938,10664000,0.0,0.0,KVUE
2024-10-24 00:00:00-04:00,22.28416813644418,22.469059137207694,22.162529662057416,22.352285385131836,11664200,0.0,0.0,KVUE
2024-10-25 00:00:00-04:00,22.342556492992525,22.4009443033526,22.021430960236213,22.03116226196289,8395700,0.0,0.0,KVUE
2024-10-28 00:00:00-04:00,22.235515516668627,22.27443886687261,21.967911219827275,22.264707565307617,10540300,0.0,0.0,KVUE
2024-10-29 00:00:00-04:00,22.109010642865773,22.292929088733562,22.021430784082256,22.16739845275879,13109200,0.0,0.0,KVUE
2024-10-30 00:00:00-04:00,22.040891301382807,22.371748101906213,21.953311450888034,22.274436950683594,15919800,0.0,0.0,KVUE
2024-10-31 00:00:00-04:00,22.070087058455723,22.542044975115026,22.002942377029473,22.313364028930664,34406400,0.0,0.0,KVUE
2024-11-01 00:00:00-04:00,22.24524705476981,22.47392614778276,22.109010687467276,22.118741989135742,15528900,0.0,0.0,KVUE
2024-11-04 00:00:00-05:00,22.196588231285777,22.600428856153872,22.128470982767258,22.4204044342041,17341800,0.0,0.0,KVUE
2024-11-05 00:00:00-05:00,22.323096750075184,22.936153937993716,22.30363414574606,22.605297088623047,17781300,0.0,0.0,KVUE
2024-11-06 00:00:00-05:00,22.9166885453991,22.9166885453991,21.70517034218582,21.894926071166992,16727100,0.0,0.0,KVUE
2024-11-07 00:00:00-05:00,21.57379989147887,22.756126011002692,21.447296694781194,22.352285385131836,28744400,0.0,0.0,KVUE
2024-11-08 00:00:00-05:00,22.25497883302211,23.082119075938696,22.22578492739153,23.043195724487305,16635100,0.0,0.0,KVUE
2024-11-11 00:00:00-05:00,23.12104414075116,23.23781605044071,22.858304559865616,23.140506744384766,13838400,0.0,0.0,KVUE
2024-11-12 00:00:00-05:00,23.121042394810527,23.305933403256006,22.99648433943967,23.013999938964844,10714200,0.0,0.0,KVUE
2024-11-13 00:00:00-05:00,23.01890972898198,23.166151842670395,22.61644707783396,22.71460723876953,16481200,0.205,0.0,KVUE
2024-11-14 00:00:00-05:00,22.79313455303351,23.313391974271394,22.704788917874534,23.175966262817383,14017300,0.0,0.0,KVUE
2024-11-15 00:00:00-05:00,23.087622554094043,23.686407398452744,23.009093302098556,23.38210678100586,16166900,0.0,0.0,KVUE
2024-11-18 00:00:00-05:00,23.36738346822662,23.563705664903132,23.23486500252031,23.283945083618164,14591600,0.0,0.0,KVUE
2024-11-19 00:00:00-05:00,23.156335494675147,23.362474079760744,22.812769313914096,23.254497528076172,9838300,0.0,0.0,KVUE
2024-11-20 00:00:00-05:00,23.225049190629903,23.342844009399414,23.128851180801128,23.342844009399414,7418800,0.0,0.0,KVUE
2024-11-21 00:00:00-05:00,23.352658199534822,23.79438451565007,23.254496171858673,23.64714241027832,8331200,0.0,0.0,KVUE
2024-11-22 00:00:00-05:00,23.804202087865562,23.863098558482324,23.559779019992686,23.637327194213867,10505900,0.0,0.0,KVUE
2024-11-25 00:00:00-05:00,23.799295041462393,23.951444414605884,23.544074503462106,23.79438591003418,26971900,0.0,0.0,KVUE
2024-11-26 00:00:00-05:00,23.828741239278507,24.010339775740714,23.499900595623025,23.676591873168945,12315700,0.0,0.0,KVUE
2024-11-27 00:00:00-05:00,23.764936340203707,23.956353144711056,23.60787783826309,23.6864070892334,11666900,0.0,0.0,KVUE
2024-11-29 00:00:00-05:00,23.558797942629838,23.79438569738193,23.441003129111266,23.637327194213867,7516500,0.0,0.0,KVUE
2024-12-02 00:00:00-05:00,23.666776138242195,23.823834639901026,23.436095644806088,23.81401824951172,10173800,0.0,0.0,KVUE
2024-12-03 00:00:00-05:00,23.68640741688313,23.784569450025135,22.99927692945922,23.048357009887695,13665700,0.0,0.0,KVUE
2024-12-04 00:00:00-05:00,23.018909281828538,23.09252940110011,21.767346659076598,22.73423957824707,27219800,0.0,0.0,KVUE
2024-12-05 00:00:00-05:00,22.960010644578077,23.028723503929093,22.57718078688813,22.704790115356445,13914400,0.0,0.0,KVUE
2024-12-06 00:00:00-05:00,22.812768392058793,22.920746811665058,22.40048936626258,22.420122146606445,9708800,0.0,0.0,KVUE
2024-12-09 00:00:00-05:00,22.57718034997716,22.83240087425979,22.321959825694528,22.39067268371582,15267200,0.0,0.0,KVUE
2024-12-10 00:00:00-05:00,22.35140962017261,22.552640940978133,21.978394277230414,22.32196044921875,10492300,0.0,0.0,KVUE
2024-12-11 00:00:00-05:00,22.331777081583105,22.356317121501466,21.782072323814717,21.811519622802734,9433200,0.0,0.0,KVUE
2024-12-12 00:00:00-05:00,21.575931539999157,22.21889106083808,21.36390275246906,21.90968132019043,14949900,0.0,0.0,KVUE
2024-12-13 00:00:00-05:00,21.87041914341009,21.8998664439843,21.536669340144705,21.80170440673828,9184000,0.0,0.0,KVUE
2024-12-16 00:00:00-05:00,21.919496640873728,22.061831484480322,21.644643343455986,21.664276123046875,7786300,0.0,0.0,KVUE
2024-12-17 00:00:00-05:00,21.69372503328909,21.767345147448133,21.458137297867367,21.634828567504883,10278500,0.0,0.0,KVUE
2024-12-18 00:00:00-05:00,21.595564416908633,21.76243930774887,21.075306963751412,21.114572525024414,15271800,0.0,0.0,KVUE
2024-12-19 00:00:00-05:00,21.124390482626858,21.35997825088883,21.026228444446414,21.212736129760742,13048400,0.0,0.0,KVUE
2024-12-20 00:00:00-05:00,21.12438879848869,21.566115126656406,21.075306847168946,21.369792938232422,22915000,0.0,0.0,KVUE
2024-12-23 00:00:00-05:00,21.31089482278188,21.424763453223967,21.134205413010914,21.19310188293457,13256800,0.0,0.0,KVUE
2024-12-24 00:00:00-05:00,21.085125070738037,21.24218358404712,20.977148513016274,21.163654327392578,9164900,0.0,0.0,KVUE
2024-12-26 00:00:00-05:00,21.104756165403664,21.369793087526904,21.045859695693505,21.320711135864258,5970300,0.0,0.0,KVUE
2024-12-27 00:00:00-05:00,21.19310133289703,21.404149039621448,21.134204864501953,21.134204864501953,9833600,0.0,0.0,KVUE
2024-12-30 00:00:00-05:00,21.036044027198393,21.06549132692143,20.790639877319336,20.790639877319336,7123700,0.0,0.0,KVUE
2024-12-31 00:00:00-05:00,20.85935177931503,21.036043058658358,20.829902608662813,20.9575138092041,6934200,0.0,0.0,KVUE
2025-01-02 00:00:00-05:00,21.124389330115733,21.183285800896645,20.761190370349162,20.88880157470703,8253900,0.0,0.0,KVUE
2025-01-03 00:00:00-05:00,20.9280651577581,20.957514329140924,20.707201053099503,20.810272216796875,6079200,0.0,0.0,KVUE
2025-01-06 00:00:00-05:00,21.202919566485736,21.202919566485736,20.672845687988154,20.721927642822266,10740100,0.0,0.0,KVUE
2025-01-07 00:00:00-05:00,20.76119075166884,20.928065648850616,20.555052164006984,20.663028717041016,8828800,0.0,0.0,KVUE
2025-01-08 00:00:00-05:00,20.604132094877734,20.721926910028863,20.348911555621175,20.71211051940918,7579300,0.0,0.0,KVUE
2025-01-10 00:00:00-05:00,20.515785400564607,20.580572077507448,20.299830434850126,20.466705322265625,11057100,0.0,0.0,KVUE
2025-01-13 00:00:00-05:00,20.447071740106875,20.702292256278884,20.319462418163322,20.584497451782227,12682000,0.0,0.0,KVUE
2025-01-14 00:00:00-05:00,20.594316330321607,20.736651190206366,20.545236248016238,20.64339828491211,7275900,0.0,0.0,KVUE
2025-01-15 00:00:00-05:00,20.80045509709662,20.867203928691836,20.37835968349948,20.466705322265625,10050000,0.0,0.0,KVUE
2025-01-16 00:00:00-05:00,20.358726899631915,20.8249951325289,20.33909411940184,20.80045509338379,8810500,0.0,0.0,KVUE
2025-01-17 00:00:00-05:00,20.810272553320946,20.95260553659368,20.643397657356466,20.71211051940918,11267000,0.0,0.0,KVUE
2025-01-21 00:00:00-05:00,20.810271638279517,20.82990254637063,20.23111772317947,20.41762351989746,19203400,0.0,0.0,KVUE
2025-01-22 00:00:00-05:00,20.417623703975682,20.46670565535844,20.22130151529967,20.36854362487793,19218300,0.0,0.0,KVUE
2025-01-23 00:00:00-05:00,20.339094454048276,20.437256484528785,20.108415835546833,20.36854362487793,12575000,0.0,0.0,KVUE
2025-01-24 00:00:00-05:00,20.40780947818566,20.476522338820352,20.334187486199895,20.397993087768555,12092500,0.0,0.0,KVUE
2025-01-27 00:00:00-05:00,20.731741401267595,21.14402040809716,20.687568583668536,21.04585838317871,15342800,0.0,0.0,KVUE
2025-01-28 00:00:00-05:00,21.00659462257481,21.251998769736396,20.928065370374505,20.967330932617188,13831600,0.0,0.0,KVUE
2025-01-29 00:00:00-05:00,21.045860336170406,21.114573198304196,20.82008709622144,20.918249130249023,12249200,0.0,0.0,KVUE
2025-01-30 00:00:00-05:00,21.104756165403664,21.369793087526904,20.98696135369833,21.320711135864258,11733100,0.0,0.0,KVUE
2025-01-31 00:00:00-05:00,21.01640972571366,21.23236468796428,20.883891269690004,20.898616790771484,16433400,0.0,0.0,KVUE
2025-02-03 00:00:00-05:00,20.79063969171524,20.883892593814156,20.663028486437707,20.839719772338867,9693600,0.0,0.0,KVUE
2025-02-04 00:00:00-05:00,20.5256026764295,20.73174313320781,20.358727781812796,20.427440643310547,11813700,0.0,0.0,KVUE
2025-02-05 00:00:00-05:00,20.61394702260944,20.66302709993977,20.211484397188908,20.358726501464844,19231100,0.0,0.0,KVUE
2025-02-06 00:00:00-05:00,20.15749529473638,20.71210915845283,19.386926468432126,19.436006546020508,25808800,0.0,0.0,KVUE
2025-02-07 00:00:00-05:00,19.534169586749524,19.858102983576625,19.47527311613143,19.809022903442383,17734300,0.0,0.0,KVUE
2025-02-10 00:00:00-05:00,19.897369069125887,20.358728200297897,19.8286562062157,20.201669692993164,14043000,0.0,0.0,KVUE
2025-02-11 00:00:00-05:00,20.211485337683552,20.574682420312403,20.152588867689555,20.525602340698242,10921800,0.0,0.0,KVUE
2025-02-12 00:00:00-05:00,20.352120081817745,20.84283013370018,20.323370124824223,20.778392791748047,10317000,0.205,0.0,KVUE
2025-02-13 00:00:00-05:00,20.7189130146947,21.39797735005427,20.69908584951656,21.264148712158203,14062000,0.0,0.0,KVUE
2025-02-14 00:00:00-05:00,21.283974870451935,21.94816980492365,21.169971502176825,21.739990234375,27015700,0.0,0.0,KVUE
2025-02-18 00:00:00-05:00,21.601203822092927,22.00765127041152,21.536766478094332,21.809383392333984,14108300,0.0,0.0,KVUE
2025-02-19 00:00:00-05:00,21.938255268170543,22.12165370947802,21.60120291491006,22.077043533325195,14198000,0.0,0.0,KVUE
2025-02-20 00:00:00-05:00,22.07704374984587,22.384357249233474,21.69537932586685,22.196002960205078,19044800,0.0,0.0,KVUE
2025-02-21 00:00:00-05:00,22.166263497251546,23.23690581533794,22.146436332459345,23.117944717407227,25663000,0.0,0.0,KVUE
2025-02-24 00:00:00-05:00,23.09811782836914,23.33108229040248,22.751151894475903,23.09811782836914,18229000,0.0,0.0,KVUE
2025-02-25 00:00:00-05:00,23.098117816112406,23.494653553190023,23.023768783527245,23.167512893676758,22641600,0.0,0.0,KVUE
2025-02-26 00:00:00-05:00,23.197252891866516,23.23690722385459,22.696629240864127,23.01881217956543,14615800,0.0,0.0,KVUE
2025-02-27 00:00:00-05:00,22.860197852966554,23.043596295917485,22.632191124285594,22.939504623413086,15159100,0.0,0.0,KVUE
2025-02-28 00:00:00-05:00,23.048551437433673,23.425258112836282,22.944461658932983,23.395519256591797,30981700,0.0,0.0,KVUE
2025-03-03 00:00:00-05:00,23.296385530384008,23.683005791569727,23.26664478305337,23.583873748779297,12834400,0.0,0.0,KVUE
2025-03-04 00:00:00-05:00,23.712746948399637,24.14893512933569,23.20716557998291,23.217079162597656,15368100,0.0,0.0,KVUE
2025-03-05 00:00:00-05:00,23.226992346801957,23.276558368202934,22.62723479006656,22.84037208557129,17384400,0.0,0.0,KVUE
2025-03-06 00:00:00-05:00,22.889938050529487,23.038638005188268,22.74123809587071,22.979158401489258,9739200,0.0,0.0,KVUE
2025-03-07 00:00:00-05:00,22.830458894735326,23.40543345063272,22.820545312120583,23.217079162597656,14446300,0.0,0.0,KVUE
2025-03-10 00:00:00-04:00,23.326127295792624,24.143978029444185,23.236906940729167,23.71274757385254,18035100,0.0,0.0,KVUE
2025-03-11 00:00:00-04:00,23.841619710520753,23.94075364571998,23.177424802755237,23.28647232055664,16475100,0.0,0.0,KVUE
2025-03-12 00:00:00-04:00,22.880025048125667,23.098118194432445,22.57766739452186,22.8701114654541,13897400,0.0,0.0,KVUE
2025-03-13 00:00:00-04:00,22.89985163294974,23.147685520988542,22.74123809587071,22.979158401489258,16433800,0.0,0.0,KVUE
2025-03-14 00:00:00-04:00,23.01881124761667,23.04855199540363,22.518187616882727,22.612363815307617,15798900,0.0,0.0,KVUE
2025-03-17 00:00:00-04:00,22.770976598797375,23.45004280287363,22.590554317688284,23.207164764404297,16372400,0.0,0.0,KVUE
2025-03-18 00:00:00-04:00,23.197251209290542,23.474825840605757,23.088205585878036,23.137771606445312,16840600,0.0,0.0,KVUE
2025-03-19 00:00:00-04:00,22.989071861429977,23.326126098632812,22.94941753196023,23.326126098632812,9646900,0.0,0.0,KVUE
2025-03-20 00:00:00-04:00,23.236905787286883,23.464912509654454,23.02376849308426,23.18733787536621,16508300,0.0,0.0,KVUE
2025-03-21 00:00:00-04:00,23.098118643698115,23.177425415790623,22.76106438959929,23.1080322265625,35334700,0.0,0.0,KVUE
2025-03-24 00:00:00-04:00,22.949417860119564,23.385606036411424,22.889938255886932,23.167512893676758,13187600,0.0,0.0,KVUE
2025-03-25 00:00:00-04:00,23.266645866057477,23.286473031867473,22.77097806574317,22.899852752685547,14987800,0.0,0.0,KVUE
2025-03-26 00:00:00-04:00,22.899852354866493,23.217079439025127,22.602450545350848,23.19725227355957,9473400,0.0,0.0,KVUE
2025-03-27 00:00:00-04:00,23.25673238695302,23.49366191421893,23.207166363029405,23.29638671875,13790600,0.0,0.0,KVUE
2025-03-28 00:00:00-04:00,23.395519766885847,23.564046888962928,23.227983435819194,23.494653701782227,14401300,0.0,0.0,KVUE
2025-03-31 00:00:00-04:00,23.633439959939164,23.826750092084207,23.415346816897518,23.772226333618164,16360100,0.0,0.0,KVUE
2025-04-01 00:00:00-04:00,23.811880149934705,23.8317073145532,23.554132682361747,23.673091888427734,11113800,0.0,0.0,KVUE
2025-04-02 00:00:00-04:00,23.64335413938477,23.866405024730607,23.405433825290068,23.66318130493164,14093800,0.0,0.0,KVUE
2025-04-03 00:00:00-04:00,23.792052816597455,24.020059535625787,23.122902087459643,23.415346145629883,21704000,0.0,0.0,KVUE
2025-04-04 00:00:00-04:00,23.464912053585895,23.573959566869398,22.077042690764575,22.13652229309082,17771400,0.0,0.0,KVUE
2025-04-07 00:00:00-04:00,21.819295424357904,22.270353018640673,21.184841284924328,21.581375122070312,26882400,0.0,0.0,KVUE
2025-04-08 00:00:00-04:00,21.908515868915366,22.02747507516292,21.10057687229222,21.303800582885742,13443000,0.0,0.0,KVUE
2025-04-09 00:00:00-04:00,21.026226653802226,21.96799620708208,20.778392759867796,21.591289520263672,22036500,0.0,0.0,KVUE
2025-04-10 00:00:00-04:00,21.51198244613169,21.91842987518013,21.22449422563168,21.680509567260742,16963500,0.0,0.0,KVUE
2025-04-11 00:00:00-04:00,21.78955591884514,22.042347554367474,21.44258808251752,21.898603439331055,13221700,0.0,0.0,KVUE
2025-04-14 00:00:00-04:00,22.17617702361391,22.690679280160772,21.99773632257997,22.513229370117188,16487900,0.0,0.0,KVUE
2025-04-15 00:00:00-04:00,22.51323038577736,22.919679718037028,22.36453042514814,22.711498260498047,22262800,0.0,0.0,KVUE
2025-04-16 00:00:00-04:00,22.860196910107256,23.008896862208616,22.42401063605293,22.533056259155273,28527600,0.0,0.0,KVUE
2025-04-17 00:00:00-04:00,22.523142982209254,23.326126137921584,22.523142982209254,23.18733787536621,22595700,0.0,0.0,KVUE
2025-04-21 00:00:00-04:00,23.127858705030917,23.177424727057375,21.82920964154783,22.077043533325195,20885900,0.0,0.0,KVUE
2025-04-22 00:00:00-04:00,22.36453032080218,23.023769393973467,22.245571109182865,22.989072799682617,25918800,0.0,0.0,KVUE
2025-04-23 00:00:00-04:00,22.766020650523853,22.989071523455735,22.54296977759197,22.74123764038086,13015000,0.0,0.0,KVUE
2025-04-24 00:00:00-04:00,22.721412184337186,22.741239350271357,22.344705485701073,22.552885055541992,15417600,0.0,0.0,KVUE
2025-04-25 00:00:00-04:00,22.68175612043157,23.256730652857595,22.191046091379793,22.810630798339844,22249600,0.0,0.0,KVUE
2025-04-28 00:00:00-04:00,22.78089056273108,23.028724451074517,22.701583794094084,22.909765243530273,12011900,0.0,0.0,KVUE
2025-04-29 00:00:00-04:00,22.7808915245939,23.236906881627565,22.404184830368344,23.177425384521484,13526300,0.0,0.0,KVUE
2025-04-30 00:00:00-04:00,23.29638532385769,23.51447846321473,22.98411409753313,23.395519256591797,15990400,0.0,0.0,KVUE
2025-05-01 00:00:00-04:00,23.14768603022144,23.83170810568684,22.959331741737984,23.752399444580078,15132800,0.0,0.0,KVUE
2025-05-02 00:00:00-04:00,23.85153310298081,23.99032136748234,23.464912838690722,23.772226333618164,14097700,0.0,0.0,KVUE
2025-05-05 00:00:00-04:00,23.73257484986878,23.772227290735326,23.212124036795615,23.43517303466797,23279500,0.0,0.0,KVUE
2025-05-06 00:00:00-04:00,23.276559521110055,23.489696827171652,23.16751389046228,23.365779876708984,15082400,0.0,0.0,KVUE
2025-05-07 00:00:00-04:00,23.306299086715267,23.420302448454546,22.805673573400924,22.909765243530273,36329100,0.0,0.0,KVUE
2025-05-08 00:00:00-04:00,24.287722081064857,24.951917005445246,23.762313534941605,23.851533889770508,33046700,0.0,0.0,KVUE
2025-05-09 00:00:00-04:00,23.84161882299451,24.28772056937321,23.801966384884444,24.228240966796875,24395100,0.0,0.0,KVUE
2025-05-12 00:00:00-04:00,24.049800692800392,24.396768513795298,23.692919289397345,23.79205322265625,15042200,0.0,0.0,KVUE
2025-05-13 00:00:00-04:00,23.6929202385653,23.792054175795634,23.296386380466558,23.454999923706055,17777300,0.0,0.0,KVUE
2025-05-14 00:00:00-04:00,23.399999618530273,23.569000244140625,23.09000015258789,23.200000762939453,13383200,0.205,0.0,KVUE
2025-05-15 00:00:00-04:00,23.43000030517578,23.9950008392334,23.31999969482422,23.8799991607666,18331200,0.0,0.0,KVUE
2025-05-16 00:00:00-04:00,24.020000457763672,24.229999542236328,23.899999618530273,24.18000030517578,20725200,0.0,0.0,KVUE
2025-05-19 00:00:00-04:00,24.219999313354492,24.270000457763672,23.8799991607666,24.0,22180000,0.0,0.0,KVUE
2025-05-20 00:00:00-04:00,24.0,24.190000534057617,23.920000076293945,24.1299991607666,16356900,0.0,0.0,KVUE
2025-05-21 00:00:00-04:00,24.079999923706055,24.354999542236328,23.93000030517578,24.0,15095600,0.0,0.0,KVUE
2025-05-22 00:00:00-04:00,24.0,24.030000686645508,23.469999313354492,23.5,13277400,0.0,0.0,KVUE
2025-05-23 00:00:00-04:00,23.639999389648438,23.76799964904785,23.405000686645508,23.729999542236328,10164000,0.0,0.0,KVUE
2025-05-27 00:00:00-04:00,23.860000610351562,24.0,23.635000228881836,23.93000030517578,11682500,0.0,0.0,KVUE
2025-05-28 00:00:00-04:00,23.920000076293945,23.940000534057617,23.399999618530273,23.549999237060547,10980800,0.0,0.0,KVUE
2025-05-29 00:00:00-04:00,23.510000228881836,23.725000381469727,23.469999313354492,23.579999923706055,19711500,0.0,0.0,KVUE
2025-05-30 00:00:00-04:00,23.68000030517578,23.899999618530273,23.459999084472656,23.8700008392334,30017400,0.0,0.0,KVUE
2025-06-02 00:00:00-04:00,23.649999618530273,23.780000686645508,23.350000381469727,23.670000076293945,9774700,0.0,0.0,KVUE
