Date,Open,High,Low,Close,Volume,Dividends,Stock Splits,Symbol
2022-12-15 00:00:00-05:00,62.77461833953857,62.77461833953857,59.78535079956055,59.78535079956055,1318200,0.0,0.0,GEHC
2022-12-16 00:00:00-05:00,59.785349667014046,59.785349667014046,54.80323719476288,56.53701400756836,2307500,0.0,0.0,GEHC
2022-12-19 00:00:00-05:00,52.81038834563399,58.77896032357419,52.81038834563399,56.29786682128906,117200,0.0,0.0,GEHC
2022-12-20 00:00:00-05:00,57.792503803028524,57.792503803028524,56.556938256156904,57.00532913208008,22200,0.0,0.0,GEHC
2022-12-21 00:00:00-05:00,58.78893238167707,66.04288756769022,55.30145334208606,56.756229400634766,290700,0.0,0.0,GEHC
2022-12-22 00:00:00-05:00,58.22096868090512,60.800707308205105,56.79608416017119,57.39393615722656,3253200,0.0,0.0,GEHC
2022-12-23 00:00:00-05:00,57.88218957133232,60.42904551941825,56.79608877430791,57.2943000793457,125800,0.0,0.0,GEHC
2022-12-27 00:00:00-05:00,57.77257520419342,58.77896404228344,57.16974005710293,57.24447250366211,26500,0.0,0.0,GEHC
2022-12-28 00:00:00-05:00,57.72276210576225,57.79251138438349,56.79608877430791,57.2943000793457,514800,0.0,0.0,GEHC
2022-12-29 00:00:00-05:00,58.29071459276923,58.56971166850116,57.543397739015774,57.792503356933594,374800,0.0,0.0,GEHC
2022-12-30 00:00:00-05:00,58.52986677606582,58.78893498659531,57.52347779431709,58.1711540222168,351100,0.0,0.0,GEHC
2023-01-03 00:00:00-05:00,60.46291731044039,60.46291731044039,55.67012374033896,55.799659729003906,1794100,0.0,0.0,GEHC
2023-01-04 00:00:00-05:00,53.93634669855942,60.49280425043518,53.3085995092038,60.27359390258789,33338500,0.0,0.0,GEHC
2023-01-05 00:00:00-05:00,60.42306131872218,62.75469017968443,57.93200500577321,58.7889289855957,8850600,0.0,0.0,GEHC
2023-01-06 00:00:00-05:00,59.466485445951555,59.72555358141343,57.662959645489586,58.739097595214844,5902600,0.0,0.0,GEHC
2023-01-09 00:00:00-05:00,58.57968103773132,59.76542247168899,57.5234717950037,57.892147064208984,5288900,0.0,0.0,GEHC
2023-01-10 00:00:00-05:00,58.93839318365353,59.84513751873819,57.84730931522547,59.78535079956055,6663000,0.0,0.0,GEHC
2023-01-11 00:00:00-05:00,60.22376364109759,66.1425108524068,59.8600716229537,64.75748443603516,9219400,0.0,0.0,GEHC
2023-01-12 00:00:00-05:00,65.85356665304222,66.2820286794728,63.43226320744586,65.41514587402344,5819800,0.0,0.0,GEHC
2023-01-13 00:00:00-05:00,64.76746611308478,65.26567739087774,63.5119753655087,65.20589447021484,3772100,0.0,0.0,GEHC
2023-01-17 00:00:00-05:00,63.711257720214604,65.49485883277555,63.03369006892627,63.10344314575195,3774600,0.0,0.0,GEHC
2023-01-18 00:00:00-05:00,62.97390228350807,63.272828271035216,61.76823197988684,61.85791015625,2610300,0.0,0.0,GEHC
2023-01-19 00:00:00-05:00,61.11059821252159,64.26925594369999,61.08070295062415,63.71125793457031,2585600,0.0,0.0,GEHC
2023-01-20 00:00:00-05:00,63.73117578908198,67.57736686108905,63.31268020560339,66.53112030029297,4001600,0.0,0.0,GEHC
2023-01-23 00:00:00-05:00,67.10903631652835,69.65988241932699,66.5390841942642,69.27127075195312,3724100,0.0,0.0,GEHC
2023-01-24 00:00:00-05:00,68.78303745757002,70.3773117864656,68.4641825917909,69.35099792480469,2591000,0.0,0.0,GEHC
2023-01-25 00:00:00-05:00,68.21508960394732,69.45065148704595,66.71048936435317,68.46419525146484,2802100,0.0,0.0,GEHC
2023-01-26 00:00:00-05:00,68.26489972254006,69.20153159497951,67.55744074146686,68.97235870361328,2075900,0.0,0.0,GEHC
2023-01-27 00:00:00-05:00,68.61365560190494,70.25775428671172,68.11544433996959,69.82929229736328,2810600,0.0,0.0,GEHC
2023-01-30 00:00:00-05:00,68.16526739024134,73.68544139219871,67.67701488803141,71.24420928955078,4259900,0.0,0.0,GEHC
2023-01-31 00:00:00-05:00,70.75594536246548,70.86056544044821,68.25492341248611,69.27127075195312,3084300,0.0,0.0,GEHC
2023-02-01 00:00:00-05:00,68.75315547541719,70.48692857186126,67.28841312069176,69.7595443725586,2698700,0.0,0.0,GEHC
2023-02-02 00:00:00-05:00,69.34104186742927,71.63281678192682,68.75315620971688,70.39725494384766,2776000,0.0,0.0,GEHC
2023-02-03 00:00:00-05:00,69.38089298332146,70.37731544088396,68.85279029714933,70.297607421875,3074900,0.0,0.0,GEHC
2023-02-06 00:00:00-05:00,69.6598997231931,72.09116542232466,69.2912206662046,71.60292053222656,2227400,0.0,0.0,GEHC
2023-02-07 00:00:00-05:00,71.32391696194537,71.94169398239676,70.84563086672857,71.37373352050781,1932300,0.0,0.0,GEHC
2023-02-08 00:00:00-05:00,70.95523307542409,71.16448085208404,69.76948807225197,69.91895294189453,1111900,0.0,0.0,GEHC
2023-02-09 00:00:00-05:00,69.99868172411594,70.72607350546157,67.96597887994649,68.16526794433594,1186000,0.0,0.0,GEHC
2023-02-10 00:00:00-05:00,67.95600644631908,69.29121645091821,67.94604769556597,68.9922866821289,1968100,0.0,0.0,GEHC
2023-02-13 00:00:00-05:00,68.27486957010984,69.62004609013393,67.66705881042064,69.1816177368164,2223200,0.0,0.0,GEHC
2023-02-14 00:00:00-05:00,68.70332515509453,72.90822912685974,68.46816939515894,72.35023498535156,3036000,0.0,0.0,GEHC
2023-02-15 00:00:00-05:00,72.43990946376088,73.27690827935447,71.46341971468506,72.06127166748047,1773000,0.0,0.0,GEHC
2023-02-16 00:00:00-05:00,71.34385268036236,71.56306685653328,70.08835814544754,70.65632629394531,1829400,0.0,0.0,GEHC
2023-02-17 00:00:00-05:00,70.71610714907938,73.21712979184512,70.63639152332657,72.90823364257812,2408600,0.0,0.0,GEHC
2023-02-21 00:00:00-05:00,72.36020402980529,72.83848256828684,71.99152497139634,72.21073913574219,1835500,0.0,0.0,GEHC
2023-02-22 00:00:00-05:00,72.01145373681648,72.7388455371119,70.5895644259101,71.6826400756836,2010200,0.0,0.0,GEHC
2023-02-23 00:00:00-05:00,72.18085034084605,75.93735992543331,72.0244067129317,75.62847137451172,3763200,0.0,0.0,GEHC
2023-02-24 00:00:00-05:00,74.57225584071851,75.49892906470426,73.95447875946157,74.74165344238281,2102900,0.0,0.0,GEHC
2023-02-27 00:00:00-05:00,74.73169444496004,76.70461452323147,74.30323242605823,75.76797485351562,2139600,0.0,0.0,GEHC
2023-02-28 00:00:00-05:00,75.7679614465987,76.06688361022451,75.03061098713539,75.72810363769531,3511800,0.0,0.0,GEHC
2023-03-01 00:00:00-05:00,75.10037366716355,75.46904516170011,74.74166092505693,75.03062438964844,2534300,0.0,0.0,GEHC
2023-03-02 00:00:00-05:00,74.52243978483008,75.20000738980129,74.23347634719967,74.77154541015625,1391900,0.0,0.0,GEHC
2023-03-03 00:00:00-05:00,75.25978767411908,76.62488918990232,74.85125841596944,76.09678649902344,2082700,0.0,0.0,GEHC
2023-03-06 00:00:00-05:00,75.63844336619562,76.8839716186852,75.42918792992835,76.40568542480469,1874100,0.0,0.0,GEHC
2023-03-07 00:00:00-05:00,76.08683335583076,76.56013258914463,75.65837131678737,75.97722625732422,1709400,0.0,0.0,GEHC
2023-03-08 00:00:00-05:00,75.97721242244286,77.12309976956202,75.82973928353655,76.35585021972656,1641300,0.0,0.0,GEHC
2023-03-09 00:00:00-05:00,76.72454288807654,77.12311346246085,75.62847951009572,76.10675811767578,1683800,0.0,0.0,GEHC
2023-03-10 00:00:00-05:00,75.60853030278587,76.25620639457775,74.23347010339829,74.70178985595703,3388600,0.0,0.0,GEHC
2023-03-13 00:00:00-04:00,74.68185360999806,77.2028085925143,73.77511320615494,75.96723937988281,2272100,0.0,0.0,GEHC
2023-03-14 00:00:00-04:00,76.41563427393135,78.47822828346594,76.07684671377187,76.86402130126953,1992300,0.0,0.0,GEHC
2023-03-15 00:00:00-04:00,75.65834970112228,76.53519863655663,75.31956214741176,76.48538208007812,2326200,0.0,0.0,GEHC
2023-03-16 00:00:00-04:00,75.68826649532801,77.1729341723911,75.47901864302531,76.34590911865234,1624600,0.0,0.0,GEHC
2023-03-17 00:00:00-04:00,76.58503503098379,77.26260264455928,75.16015053193976,75.56867980957031,5803300,0.0,0.0,GEHC
2023-03-20 00:00:00-04:00,75.2199326766097,75.53878757371344,74.24344288014844,74.93096923828125,1714100,0.0,0.0,GEHC
2023-03-21 00:00:00-04:00,75.37937117108228,76.4056852322105,75.22990626074005,76.24625396728516,1401600,0.0,0.0,GEHC
2023-03-22 00:00:00-04:00,76.58503713528629,76.77435985081243,74.44272715099281,74.50251007080078,1549800,0.0,0.0,GEHC
2023-03-23 00:00:00-04:00,75.14023335414879,76.43557819769748,74.60216422759116,75.43915557861328,1393700,0.0,0.0,GEHC
2023-03-24 00:00:00-04:00,74.99075845943399,76.21635386060144,74.62207940268834,76.18646240234375,1154800,0.0,0.0,GEHC
2023-03-27 00:00:00-04:00,76.54518650970866,77.182896387883,75.9921716432495,76.10675811767578,1196600,0.0,0.0,GEHC
2023-03-28 00:00:00-04:00,76.10675679951527,76.66475863482933,75.87758385463198,76.6249008178711,760800,0.0,0.0,GEHC
2023-03-29 00:00:00-04:00,77.08324099042724,79.18569295855603,76.78431121594355,78.95651245117188,1786000,0.0,0.0,GEHC
2023-03-30 00:00:00-04:00,79.49458786172208,81.99461465394184,79.2155907709404,81.84614562988281,2188900,0.0,0.0,GEHC
2023-03-31 00:00:00-04:00,81.95574827871258,82.29452827000557,81.28814704732923,81.73653411865234,1916200,0.0,0.0,GEHC
2023-04-03 00:00:00-04:00,81.70664142497435,82.32442608469968,81.17853873941723,81.51731872558594,1913100,0.0,0.0,GEHC
2023-04-04 00:00:00-04:00,81.70663251470614,81.86606373935223,81.17852988673965,81.298095703125,1552700,0.0,0.0,GEHC
2023-04-05 00:00:00-04:00,81.20844131531435,81.50737113400257,80.36148363183251,80.82980346679688,1410600,0.0,0.0,GEHC
2023-04-06 00:00:00-04:00,80.68032205349061,80.76999641949264,79.80346548582882,79.87322235107422,1356700,0.0,0.0,GEHC
2023-04-10 00:00:00-04:00,79.64405422219815,80.34154696194939,79.41487369222234,80.30168914794922,1579200,0.0,0.0,GEHC
2023-04-11 00:00:00-04:00,80.30168914794922,80.39635050593704,79.67394568217311,80.30168914794922,1167000,0.0,0.0,GEHC
2023-04-12 00:00:00-04:00,80.71521245229944,81.60701496383341,80.31864123231239,81.45755004882812,1232000,0.0,0.0,GEHC
2023-04-13 00:00:00-04:00,81.35788665213407,82.87443703394679,81.08884835961784,82.64327239990234,1252800,0.0,0.0,GEHC
2023-04-14 00:00:00-04:00,82.15504067233765,82.98207325829661,81.68672843414637,82.07533264160156,1163600,0.0,0.0,GEHC
2023-04-17 00:00:00-04:00,81.87602925882209,82.94220095497126,81.70663927020489,82.42406463623047,861000,0.0,0.0,GEHC
2023-04-18 00:00:00-04:00,82.49381983077858,83.85892139490977,82.49381983077858,83.36071014404297,1522000,0.0,0.0,GEHC
2023-04-19 00:00:00-04:00,83.49024993568963,86.56919209742729,83.45039211973852,85.4432373046875,2422900,0.0,0.0,GEHC
2023-04-20 00:00:00-04:00,85.06460195837872,86.01120040823213,84.37706791667597,84.6959228515625,1634900,0.0,0.0,GEHC
2023-04-21 00:00:00-04:00,84.89519655454073,86.20549461477074,84.78558946802184,86.17062377929688,1850600,0.0,0.0,GEHC
2023-04-24 00:00:00-04:00,86.29018409225755,87.51578707117228,85.87168848076475,87.4759292602539,2692800,0.0,0.0,GEHC
2023-04-25 00:00:00-04:00,83.20126829787722,83.20126829787722,78.4981534723679,80.1023941040039,7291400,0.0,0.0,GEHC
2023-04-26 00:00:00-04:00,79.44476985374975,79.98283131785554,77.28252723526353,79.8333740234375,3489500,0.0,0.0,GEHC
2023-04-27 00:00:00-04:00,80.53087029203918,81.24829574531181,80.33158882261935,81.22836303710938,1557000,0.0,0.0,GEHC
2023-04-28 00:00:00-04:00,80.90949744108573,81.43760770930544,80.72018235076521,81.04899597167969,1617600,0.0,0.0,GEHC
2023-05-01 00:00:00-04:00,80.78994237982741,81.43661508205952,80.43620902877159,80.49101257324219,1355800,0.0,0.0,GEHC
2023-05-02 00:00:00-04:00,80.05258534803541,80.36148151309612,77.61135310081555,78.17931365966797,1879100,0.0,0.0,GEHC
2023-05-03 00:00:00-04:00,78.18927345478663,80.13229425573293,77.74087877619117,79.42483520507812,1748900,0.0,0.0,GEHC
2023-05-04 00:00:00-04:00,79.33516920251697,79.97287905074283,77.4120733033699,77.98003387451172,1751400,0.0,0.0,GEHC
2023-05-05 00:00:00-04:00,78.21916781355495,79.2454817927343,78.21916781355495,78.70741271972656,1077400,0.0,0.0,GEHC
2023-05-08 00:00:00-04:00,78.59781041089444,79.20562879315058,78.32877965909137,79.13587951660156,842300,0.0,0.0,GEHC
2023-05-09 00:00:00-04:00,78.26898777995362,78.50812704331196,75.84768088241263,76.09678649902344,2499700,0.0,0.0,GEHC
2023-05-10 00:00:00-04:00,76.22632337072474,76.4853953565206,74.70179811964634,75.62847137451172,1792900,0.0,0.0,GEHC
2023-05-11 00:00:00-04:00,75.43914321900981,75.43914321900981,74.44272076317488,74.72171783447266,1504800,0.0,0.0,GEHC
2023-05-12 00:00:00-04:00,74.6220860781308,74.74165952395853,74.00430134450565,74.6519775390625,2577500,0.0,0.0,GEHC
2023-05-15 00:00:00-04:00,74.8313238895976,75.28967730076249,74.43275339229336,74.66193389892578,1187900,0.0,0.0,GEHC
2023-05-16 00:00:00-04:00,75.00070955815015,77.98997671251738,74.95089300017038,77.5017318725586,2668900,0.0,0.0,GEHC
2023-05-17 00:00:00-04:00,77.65120928943921,80.32162201596327,75.93337779374443,80.01273345947266,3716300,0.0,0.0,GEHC
2023-05-18 00:00:00-04:00,80.13229905491062,80.83975814793563,78.93659504457833,79.40491485595703,1483500,0.0,0.0,GEHC
2023-05-19 00:00:00-04:00,79.80346916999866,80.79889572991306,78.8369457938143,79.05615234375,1311100,0.0,0.0,GEHC
2023-05-22 00:00:00-04:00,79.09602915345373,79.16480855392118,78.45807815968863,78.82689666748047,1357700,0.03,0.0,GEHC
2023-05-23 00:00:00-04:00,78.70728676706274,79.51768828061944,76.81336621628837,76.94295501708984,1382400,0.0,0.0,GEHC
2023-05-24 00:00:00-04:00,76.72365123862859,76.89310531188457,75.83650037866977,76.2850570678711,1431900,0.0,0.0,GEHC
2023-05-25 00:00:00-04:00,76.2850421874464,79.80374217562861,75.3679887410879,79.60438537597656,3127800,0.0,0.0,GEHC
2023-05-26 00:00:00-04:00,79.51468552422342,79.94330957437053,78.11917243535001,78.1789779663086,2243100,0.0,0.0,GEHC
2023-05-30 00:00:00-04:00,77.9995601305609,78.79700276494066,77.16225220894108,77.71048736572266,1775800,0.0,0.0,GEHC
2023-05-31 00:00:00-04:00,78.28861949517628,79.47481311941351,77.49416575257523,79.2555160522461,4501500,0.0,0.0,GEHC
2023-06-01 00:00:00-04:00,79.47483023453424,79.84364119512635,78.63751467093823,79.57450866699219,2355500,0.0,0.0,GEHC
2023-06-02 00:00:00-04:00,80.04299592452959,80.61117128587286,79.64427463824154,79.71405029296875,2404500,0.0,0.0,GEHC
2023-06-05 00:00:00-04:00,79.65423826588763,80.46562829826354,78.52785015360872,80.23237609863281,1416700,0.0,0.0,GEHC
2023-06-06 00:00:00-04:00,77.75035955120062,82.91378116918453,77.55100269690608,82.66458129882812,23800600,0.0,0.0,GEHC
2023-06-07 00:00:00-04:00,81.22918939086856,81.99672926716197,79.93335459962287,80.22242736816406,3883900,0.0,0.0,GEHC
2023-06-08 00:00:00-04:00,77.10244594461291,78.14908854496049,76.50436771797598,77.50116729736328,15048600,0.0,0.0,GEHC
2023-06-09 00:00:00-04:00,77.85003275190815,78.24875403870567,76.81336044822498,76.85323333740234,4894700,0.0,0.0,GEHC
2023-06-12 00:00:00-04:00,77.00275343466545,78.05935836211842,76.65387516663624,78.01948547363281,5545200,0.0,0.0,GEHC
2023-06-13 00:00:00-04:00,78.04940073763684,78.19791832071152,76.45451551811254,77.54103088378906,4122300,0.0,0.0,GEHC
2023-06-14 00:00:00-04:00,77.9297777353363,78.54779610381713,77.23202119429014,78.27865600585938,3322600,0.0,0.0,GEHC
2023-06-15 00:00:00-04:00,78.40823811682965,78.91660029415725,77.97462524149398,78.8468246459961,3277900,0.0,0.0,GEHC
2023-06-16 00:00:00-04:00,79.24555528361995,79.8436334251426,78.23878572232151,78.39827728271484,5388200,0.0,0.0,GEHC
2023-06-20 00:00:00-04:00,78.10921117107709,78.90665383085934,77.50116285411292,78.6474838256836,3151100,0.0,0.0,GEHC
2023-06-21 00:00:00-04:00,78.53782798790112,79.74395438538292,78.03942827299248,79.36517333984375,2805700,0.0,0.0,GEHC
2023-06-22 00:00:00-04:00,79.68413749699037,80.49154248648257,79.32528914499937,79.9532699584961,2229200,0.0,0.0,GEHC
2023-06-23 00:00:00-04:00,79.60439467513392,80.09282421482047,78.75711677017449,79.56452178955078,7973000,0.0,0.0,GEHC
2023-06-26 00:00:00-04:00,79.76387526328428,80.04298545064664,77.49117411530149,77.55098724365234,2500700,0.0,0.0,GEHC
2023-06-27 00:00:00-04:00,77.70050680687807,78.09922807052293,75.94813791839837,76.82332611083984,3250400,0.0,0.0,GEHC
2023-06-28 00:00:00-04:00,77.25196042519813,77.34166872885154,76.0956693671548,76.94295501708984,2920500,0.0,0.0,GEHC
2023-06-29 00:00:00-04:00,77.02267858670078,78.44810189030488,76.90306753785087,78.42816925048828,1908200,0.0,0.0,GEHC
2023-06-30 00:00:00-04:00,79.16579842121176,81.14943449979495,79.06014250196904,80.97997283935547,3428300,0.0,0.0,GEHC
2023-07-03 00:00:00-04:00,81.14945193143495,81.19928734405451,79.6442825387522,80.43175506591797,1086900,0.0,0.0,GEHC
2023-07-05 00:00:00-04:00,80.11277359477249,81.02982725282348,79.6791606677238,80.39187622070312,2655900,0.0,0.0,GEHC
2023-07-06 00:00:00-04:00,79.74394857988835,80.01308106015622,78.74714922263975,78.86676788330078,2595900,0.0,0.0,GEHC
2023-07-07 00:00:00-04:00,78.72722231315878,79.85161042731784,78.04939839668397,79.36517333984375,2892600,0.0,0.0,GEHC
2023-07-10 00:00:00-04:00,79.87353015978573,80.52145126624728,79.74394898048365,80.40184020996094,2263000,0.0,0.0,GEHC
2023-07-11 00:00:00-04:00,80.24234645280578,81.18432152000926,79.95327373311167,80.99991607666016,1793100,0.0,0.0,GEHC
2023-07-12 00:00:00-04:00,81.02982941326475,82.3954474179515,81.02982941326475,81.42855072021484,2124800,0.0,0.0,GEHC
2023-07-13 00:00:00-04:00,81.46841858975688,81.73755108249765,80.64107325970323,81.13947296142578,1476300,0.0,0.0,GEHC
2023-07-14 00:00:00-04:00,81.2391528462761,81.89704411480622,80.97002034868035,81.5581283569336,1774100,0.0,0.0,GEHC
2023-07-17 00:00:00-04:00,81.47838804867526,82.09640646924639,80.82050434094933,80.9301528930664,2343200,0.0,0.0,GEHC
2023-07-18 00:00:00-04:00,80.84840677319954,82.62968223663273,80.49155088742245,82.20604705810547,2844500,0.0,0.0,GEHC
2023-07-19 00:00:00-04:00,82.51506751774888,82.67455909997567,81.3986568620702,81.48836517333984,2781700,0.0,0.0,GEHC
2023-07-20 00:00:00-04:00,82.01686394500945,82.90932373717501,81.5681425045274,81.61799621582031,3113900,0.03,0.0,GEHC
2023-07-21 00:00:00-04:00,81.8473384321216,82.90433132905184,81.78750333441938,82.3957748413086,7697300,0.0,0.0,GEHC
2023-07-24 00:00:00-04:00,82.24619775363212,82.4456277716459,80.04245573341196,80.40143585205078,4335700,0.0,0.0,GEHC
2023-07-25 00:00:00-04:00,80.61083926939475,82.11656100386078,78.3572511670549,79.98262786865234,4729500,0.0,0.0,GEHC
2023-07-26 00:00:00-04:00,80.03248990693507,80.08035037267076,77.07090771913435,77.21051025390625,4148600,0.0,0.0,GEHC
2023-07-27 00:00:00-04:00,77.77888811750101,78.64642460837695,76.03384896101862,76.64212036132812,3224700,0.0,0.0,GEHC
2023-07-28 00:00:00-04:00,77.02103492465778,78.09797512467009,76.67202863977411,77.64925384521484,2910100,0.0,0.0,GEHC
2023-07-31 00:00:00-04:00,77.49969505550912,77.80881389083626,76.05380068043283,77.77890014648438,3916200,0.0,0.0,GEHC
2023-08-01 00:00:00-04:00,77.61934868742853,77.81380323788139,76.88144844438959,77.46977996826172,2126700,0.0,0.0,GEHC
2023-08-02 00:00:00-04:00,77.1008206739652,77.55951579892765,75.93413909909759,76.37288665771484,3073000,0.0,0.0,GEHC
2023-08-03 00:00:00-04:00,76.42275732428823,76.4726186384896,75.4654794322153,75.80451202392578,2053300,0.0,0.0,GEHC
2023-08-04 00:00:00-04:00,75.76463529246651,76.57731997224002,75.41163482307797,75.68486022949219,1449600,0.0,0.0,GEHC
2023-08-07 00:00:00-04:00,75.8842812487111,76.07374509878618,74.95691717335774,75.37572479248047,1668300,0.0,0.0,GEHC
2023-08-08 00:00:00-04:00,75.07658160778807,75.25607167866903,73.11216461197078,73.7204360961914,2574900,0.0,0.0,GEHC
2023-08-09 00:00:00-04:00,73.59080188160594,74.66773461929047,73.21187420018722,73.71045684814453,3028400,0.0,0.0,GEHC
2023-08-10 00:00:00-04:00,74.03952392896707,74.36859030562668,71.91556456717483,72.09505462646484,3681600,0.0,0.0,GEHC
2023-08-11 00:00:00-04:00,71.93551373344738,71.93551373344738,70.65914319635365,71.38706970214844,2897100,0.0,0.0,GEHC
2023-08-14 00:00:00-04:00,71.29732864943783,71.66628259942739,70.64916959470742,71.59648132324219,2601100,0.0,0.0,GEHC
2023-08-15 00:00:00-04:00,71.54661123043832,71.54661123043832,69.99103577615065,70.34004211425781,2476300,0.0,0.0,GEHC
2023-08-16 00:00:00-04:00,71.00814335636358,72.0751099719819,70.22038182030626,70.46967315673828,3697400,0.0,0.0,GEHC
2023-08-17 00:00:00-04:00,70.49957807088973,70.59930067918809,68.04655254053418,68.19612884521484,3791900,0.0,0.0,GEHC
2023-08-18 00:00:00-04:00,68.00667912788168,68.55512315623898,67.70254336811418,68.16622924804688,2911000,0.0,0.0,GEHC
2023-08-21 00:00:00-04:00,69.13346279548841,69.30297904787105,68.40552887677697,68.77448272705078,2807800,0.0,0.0,GEHC
2023-08-22 00:00:00-04:00,68.95398911706359,69.20328046773427,68.47534637635785,68.73461151123047,2170100,0.0,0.0,GEHC
2023-08-23 00:00:00-04:00,68.76451222518656,69.33289609269619,68.61493592157522,68.79442596435547,2079500,0.0,0.0,GEHC
2023-08-24 00:00:00-04:00,69.44259206990257,69.5921683890118,68.0465591044959,68.23602294921875,2623200,0.0,0.0,GEHC
2023-08-25 00:00:00-04:00,68.21608638511427,68.69472150076221,67.41835104867702,68.39556884765625,3096600,0.0,0.0,GEHC
2023-08-28 00:00:00-04:00,68.86424166431867,69.46254700421547,68.5650966021387,69.11353302001953,2438700,0.0,0.0,GEHC
2023-08-29 00:00:00-04:00,69.1334708068237,70.30015236056032,69.1334708068237,70.28021240234375,2044300,0.0,0.0,GEHC
2023-08-30 00:00:00-04:00,70.30014898942767,70.78875782386028,70.03091772369415,70.19046020507812,1889200,0.0,0.0,GEHC
2023-08-31 00:00:00-04:00,70.31011737031588,70.92835489886188,69.66295511392568,70.25028228759766,3573300,0.0,0.0,GEHC
2023-09-01 00:00:00-04:00,70.4696763370788,70.81868270228092,68.90412697794223,69.05370330810547,2096700,0.0,0.0,GEHC
2023-09-05 00:00:00-04:00,68.9340427186806,68.9639640717943,67.2189245874809,67.46821594238281,3773500,0.0,0.0,GEHC
2023-09-06 00:00:00-04:00,67.31863466094117,68.00667357662702,65.87274034410136,66.7901382446289,3140100,0.0,0.0,GEHC
2023-09-07 00:00:00-04:00,67.89697478510286,67.97674982693025,65.64338691172944,65.71318817138672,2836900,0.0,0.0,GEHC
2023-09-08 00:00:00-04:00,65.73314701327432,65.80294829298572,64.53655147314514,64.7160415649414,3103100,0.0,0.0,GEHC
2023-09-11 00:00:00-04:00,65.13483446296016,67.15907872302236,65.01517189299324,66.43115234375,3630500,0.0,0.0,GEHC
2023-09-12 00:00:00-04:00,66.19183264267156,66.43115780227029,65.03512480234892,65.21461486816406,2381800,0.0,0.0,GEHC
2023-09-13 00:00:00-04:00,64.935407906591,65.75308315875436,64.02798382023889,64.34707641601562,3612800,0.0,0.0,GEHC
2023-09-14 00:00:00-04:00,64.6761441161454,65.87273947280747,64.38696525660238,65.81291198730469,3945100,0.0,0.0,GEHC
2023-09-15 00:00:00-04:00,65.81291778342603,66.31150049390654,65.39411013248683,66.24169921875,6711100,0.0,0.0,GEHC
2023-09-18 00:00:00-04:00,65.68329105969909,66.80011149692741,65.68329105969909,66.09212493896484,3205300,0.0,0.0,GEHC
2023-09-19 00:00:00-04:00,66.31149915403957,66.56079050424272,65.1647574215514,65.93257904052734,3160400,0.0,0.0,GEHC
2023-09-20 00:00:00-04:00,66.23172093267401,66.6106486358557,64.7160329432509,64.82572174072266,1796400,0.0,0.0,GEHC
2023-09-21 00:00:00-04:00,64.43682686626424,64.70605816004755,63.60917781004098,63.708892822265625,2172500,0.0,0.0,GEHC
2023-09-22 00:00:00-04:00,63.64906140487529,64.62129602760407,63.5553261039117,64.14764404296875,2277800,0.0,0.0,GEHC
2023-09-25 00:00:00-04:00,63.81858384076417,66.84996748613263,63.81858384076417,66.29155731201172,3214500,0.0,0.0,GEHC
2023-09-26 00:00:00-04:00,66.00237601970312,67.21392825112974,65.93257475049872,66.0223159790039,3619900,0.0,0.0,GEHC
2023-09-27 00:00:00-04:00,66.18186681288424,68.2170816510903,65.96248921932228,68.0864486694336,5470000,0.0,0.0,GEHC
2023-09-28 00:00:00-04:00,68.54514618709403,70.37993444490499,67.81721971902395,69.58219909667969,4817700,0.0,0.0,GEHC
2023-09-29 00:00:00-04:00,69.88134800358138,70.00100297395545,67.7374410270893,67.84712982177734,3145800,0.0,0.0,GEHC
2023-10-02 00:00:00-04:00,67.80723991793002,68.46537266297948,67.37845853766771,67.64768981933594,1942100,0.0,0.0,GEHC
2023-10-03 00:00:00-04:00,67.15908455379974,67.33857462044993,66.21178051789298,66.7901382446289,2726100,0.0,0.0,GEHC
2023-10-04 00:00:00-04:00,66.94968366503555,67.87704778189469,66.28158467970911,67.68758392333984,2084400,0.0,0.0,GEHC
2023-10-05 00:00:00-04:00,68.14628656976824,68.4853267955668,66.43814462569438,67.40838623046875,1894300,0.0,0.0,GEHC
2023-10-06 00:00:00-04:00,66.82005111498962,68.79443421458497,66.46107098637815,68.26593780517578,2318600,0.0,0.0,GEHC
2023-10-09 00:00:00-04:00,67.62775856452242,67.88702370422126,66.98957330354712,67.60781860351562,1600300,0.0,0.0,GEHC
2023-10-10 00:00:00-04:00,67.80724026046678,68.43545165937776,67.41834640288845,67.9967041015625,2209000,0.0,0.0,GEHC
2023-10-11 00:00:00-04:00,68.1163641670455,68.1163641670455,66.84996749127585,67.5878677368164,2032900,0.0,0.0,GEHC
2023-10-12 00:00:00-04:00,67.52804137600681,67.71750523444662,65.98243197959056,66.32147216796875,2252100,0.0,0.0,GEHC
2023-10-13 00:00:00-04:00,65.9425492503757,67.44827122787667,65.8727479723601,66.92974853515625,1984200,0.0,0.0,GEHC
2023-10-16 00:00:00-04:00,67.43828842505708,67.49812351804681,66.14197806271771,66.69041442871094,1951500,0.0,0.0,GEHC
2023-10-17 00:00:00-04:00,66.18186769966155,67.21892058727052,65.88271504847452,66.61064910888672,1596000,0.0,0.0,GEHC
2023-10-18 00:00:00-04:00,66.1120716966603,66.29156178012094,64.90549481976063,65.04510498046875,1917700,0.0,0.0,GEHC
2023-10-19 00:00:00-04:00,65.07502371926736,66.5115972548308,64.68594331594397,65.29449462890625,1669200,0.03,0.0,GEHC
2023-10-20 00:00:00-04:00,65.37431046849925,65.37431046849925,63.708279935732804,63.897830963134766,2575000,0.0,0.0,GEHC
2023-10-23 00:00:00-04:00,63.798068666790165,64.38666709992783,63.209470233652496,63.837974548339844,2412500,0.0,0.0,GEHC
2023-10-24 00:00:00-04:00,63.86789259445032,64.90542258904497,63.80803758306131,64.51634979248047,2511200,0.0,0.0,GEHC
2023-10-25 00:00:00-04:00,64.0474741639927,64.83559823925644,63.82799941559566,64.35674285888672,3179600,0.0,0.0,GEHC
2023-10-26 00:00:00-04:00,63.96766742965851,64.58618957197667,63.42894944000581,63.75816345214844,3484900,0.0,0.0,GEHC
2023-10-27 00:00:00-04:00,64.04746588868213,64.16718352394085,62.57098644349816,62.95008087158203,2606400,0.0,0.0,GEHC
2023-10-30 00:00:00-04:00,63.389047888781,63.51873630558283,62.2018725557754,63.01992416381836,4484200,0.0,0.0,GEHC
2023-10-31 00:00:00-04:00,66.53155998962916,67.53915494630635,65.61373994581025,66.4118423461914,7555100,0.0,0.0,GEHC
2023-11-01 00:00:00-04:00,66.5914187076154,68.2873768886201,65.8432005198894,68.11778259277344,4523300,0.0,0.0,GEHC
2023-11-02 00:00:00-04:00,69.43464670371641,69.59427023810478,68.11778299008843,69.08547973632812,3115900,0.0,0.0,GEHC
2023-11-03 00:00:00-04:00,69.77383122440172,71.7291735256055,69.4645625811313,71.39995574951172,4022500,0.0,0.0,GEHC
2023-11-06 00:00:00-05:00,71.49972063245707,71.7890325478067,70.59188661853145,70.92109680175781,2350100,0.0,0.0,GEHC
2023-11-07 00:00:00-05:00,71.08072455510484,71.29022472465186,70.51207906311475,70.53202819824219,1912900,0.0,0.0,GEHC
2023-11-08 00:00:00-05:00,70.99094130155613,70.99094130155613,69.35982361313954,69.82371520996094,2062100,0.0,0.0,GEHC
2023-11-09 00:00:00-05:00,69.96338077535762,69.97335914828027,67.8883282722835,68.147705078125,1981500,0.0,0.0,GEHC
2023-11-10 00:00:00-05:00,68.38712379844713,69.40469686333402,68.22750031541655,69.35481262207031,2773300,0.0,0.0,GEHC
2023-11-13 00:00:00-05:00,69.40471661407166,70.38239169768784,69.18523806808014,69.84367370605469,1993200,0.0,0.0,GEHC
2023-11-14 00:00:00-05:00,70.83132011771308,72.1980680487736,70.51208066952061,72.03844451904297,2634400,0.0,0.0,GEHC
2023-11-15 00:00:00-05:00,71.82893770170239,72.45743816653577,71.30518350870719,71.3500747680664,2780100,0.0,0.0,GEHC
2023-11-16 00:00:00-05:00,71.828942011296,72.48737763314179,71.33012991399534,71.74913024902344,2946600,0.0,0.0,GEHC
2023-11-17 00:00:00-05:00,72.35769157908692,73.20467366267647,71.85389403150535,72.82657623291016,2920000,0.0,0.0,GEHC
2023-11-20 00:00:00-05:00,72.91634171376059,73.31539287545687,72.59710230665713,73.15577697753906,1787600,0.0,0.0,GEHC
2023-11-21 00:00:00-05:00,73.32537559797643,73.51492662356345,72.41753396097366,73.20565795898438,1469300,0.0,0.0,GEHC
2023-11-22 00:00:00-05:00,73.5747778897654,74.00375656021747,73.0161108254624,73.42513275146484,1123300,0.0,0.0,GEHC
2023-11-24 00:00:00-05:00,73.64461322598203,73.66456235969284,73.21663162027487,73.53487396240234,558900,0.0,0.0,GEHC
2023-11-27 00:00:00-05:00,71.09070305738561,71.34509448988275,70.38239078441138,70.97098541259766,4253600,0.0,0.0,GEHC
2023-11-28 00:00:00-05:00,70.53202583364236,70.61683058607967,67.94319750378676,67.96813201904297,5167900,0.0,0.0,GEHC
2023-11-29 00:00:00-05:00,68.13772783756075,68.67943698334504,67.29971965091434,67.54912567138672,3762900,0.0,0.0,GEHC
2023-11-30 00:00:00-05:00,67.54912991404932,68.51682655206459,66.23226634769559,68.29734802246094,3324600,0.0,0.0,GEHC
2023-12-01 00:00:00-05:00,68.18760754917405,69.50447109218908,67.99606237723222,69.2450942993164,1898200,0.0,0.0,GEHC
2023-12-04 00:00:00-05:00,68.726329607382,69.5992507706749,68.60661196493088,69.20519256591797,1478700,0.0,0.0,GEHC
2023-12-05 00:00:00-05:00,68.7462830988226,68.88594986943585,67.55910793734185,67.76860809326172,1896200,0.0,0.0,GEHC
2023-12-06 00:00:00-05:00,68.2275171203307,68.51682904613324,67.70376290312385,67.8883285522461,1579700,0.0,0.0,GEHC
2023-12-07 00:00:00-05:00,67.93820112868647,68.12775214731249,66.84081611766499,67.22988891601562,2089200,0.0,0.0,GEHC
2023-12-08 00:00:00-05:00,67.02039544965255,68.4669475251293,66.89070704102106,68.35720825195312,1893700,0.0,0.0,GEHC
2023-12-11 00:00:00-05:00,68.99569289624108,71.14057882388454,68.92585189585763,70.96100616455078,3051300,0.0,0.0,GEHC
2023-12-12 00:00:00-05:00,71.13061177168744,72.2230039273977,71.07074914127516,71.87882995605469,2407200,0.0,0.0,GEHC
2023-12-13 00:00:00-05:00,72.43749164785983,74.09354381346357,72.34770151463177,74.0037612915039,2628600,0.0,0.0,GEHC
2023-12-14 00:00:00-05:00,74.16337603178022,76.11872607356192,74.16337603178022,75.7396240234375,4271300,0.0,0.0,GEHC
2023-12-15 00:00:00-05:00,76.19853504649943,76.40803521897038,74.30804050195775,74.83179473876953,5638000,0.0,0.0,GEHC
2023-12-18 00:00:00-05:00,74.8218054526693,75.33558124120955,74.37287766446033,74.88166046142578,1945800,0.0,0.0,GEHC
2023-12-19 00:00:00-05:00,74.96148126158529,75.65981515225674,74.821814483451,75.51017761230469,2441800,0.0,0.0,GEHC
2023-12-20 00:00:00-05:00,75.1809609417146,76.40803445553685,74.70209797280216,75.26077270507812,2162200,0.0,0.0,GEHC
2023-12-21 00:00:00-05:00,75.8992512105412,77.4256150237223,75.8992512105412,77.0066146850586,2992100,0.0,0.0,GEHC
2023-12-22 00:00:00-05:00,77.11634974472048,77.52537168785825,76.80708108293821,77.39568328857422,2193700,0.0,0.0,GEHC
2023-12-26 00:00:00-05:00,77.5154038412406,78.138919018893,77.39569379834366,77.95436096191406,1413900,0.0,0.0,GEHC
2023-12-27 00:00:00-05:00,77.89450322852112,78.10400340756614,77.19616168710205,77.4854736328125,1365000,0.0,0.0,GEHC
2023-12-28 00:00:00-05:00,77.64509348717812,77.77976727436733,77.06646962317345,77.35578155517578,1569500,0.0,0.0,GEHC
2023-12-29 00:00:00-05:00,76.97669845404418,77.45555387945092,76.67740810471267,77.13631439208984,1786900,0.0,0.0,GEHC
2024-01-02 00:00:00-05:00,76.39806829823911,77.2260982676882,75.5251470634181,76.18856811523438,2003100,0.0,0.0,GEHC
2024-01-03 00:00:00-05:00,76.05886473285398,76.49782180408636,75.25577697004113,75.9291763305664,2692400,0.0,0.0,GEHC
2024-01-04 00:00:00-05:00,75.81943135154073,76.76717119892785,75.66978621477753,76.38807678222656,2395900,0.0,0.0,GEHC
2024-01-05 00:00:00-05:00,75.81943567774402,77.26598765603578,75.4104061213369,76.4379653930664,2377200,0.0,0.0,GEHC
2024-01-08 00:00:00-05:00,76.81707077012899,77.26599865869343,76.12870757047878,77.17621612548828,1880600,0.0,0.0,GEHC
2024-01-09 00:00:00-05:00,76.82704170328812,77.47549895495213,74.22324193475454,76.47787475585938,3507200,0.0,0.0,GEHC
2024-01-10 00:00:00-05:00,76.15863085421199,76.42799366141462,74.70210037666662,75.9890365600586,3020600,0.0,0.0,GEHC
2024-01-11 00:00:00-05:00,76.01896340016458,76.14366642910926,74.60233881805763,76.06884765625,2305500,0.0,0.0,GEHC
2024-01-12 00:00:00-05:00,76.12872625236649,76.318351895793,75.2504741406678,76.0189437866211,1888300,0.03,0.0,GEHC
2024-01-16 00:00:00-05:00,75.74947549457892,75.74947549457892,74.39217205801295,74.82131958007812,2831600,0.0,0.0,GEHC
2024-01-17 00:00:00-05:00,74.09276338561783,74.09276338561783,71.87716492260101,72.60572052001953,3766900,0.0,0.0,GEHC
2024-01-18 00:00:00-05:00,72.60572170370864,73.61372079681242,72.27637433453653,73.37419128417969,2421500,0.0,0.0,GEHC
2024-01-19 00:00:00-05:00,73.29935340871364,73.97301788482969,73.05483651876277,73.9630355834961,3704200,0.0,0.0,GEHC
2024-01-22 00:00:00-05:00,74.13269480983273,75.30037276637385,74.0229123406607,74.49198150634766,2414900,0.0,0.0,GEHC
2024-01-23 00:00:00-05:00,74.48199819941262,74.5818059804137,72.54085564146992,73.5239028930664,2850400,0.0,0.0,GEHC
2024-01-24 00:00:00-05:00,73.49396321889324,73.55384179576804,71.16858203623725,71.40811157226562,3594400,0.0,0.0,GEHC
2024-01-25 00:00:00-05:00,72.18656434401173,72.95503400822126,71.27836530840848,72.72549438476562,2126500,0.0,0.0,GEHC
2024-01-26 00:00:00-05:00,72.85522454981619,73.14465032817779,72.32627687753123,73.00492858886719,2334500,0.0,0.0,GEHC
2024-01-29 00:00:00-05:00,72.7654121664738,74.2724121272505,72.35622160324994,74.23249053955078,2160100,0.0,0.0,GEHC
2024-01-30 00:00:00-05:00,73.58377978922107,74.37220633682807,72.97498895048881,73.85324096679688,1673900,0.0,0.0,GEHC
2024-01-31 00:00:00-05:00,73.78338497789083,74.32231498295371,72.80532512849578,73.21451568603516,3129600,0.0,0.0,GEHC
2024-02-01 00:00:00-05:00,73.21452575346095,74.98101244551583,72.84525673229004,74.20256042480469,2593600,0.0,0.0,GEHC
2024-02-02 00:00:00-05:00,73.88318488112881,74.21253226323012,72.37617733227532,73.763427734375,2446600,0.0,0.0,GEHC
2024-02-05 00:00:00-05:00,73.07480152998488,73.4241059359641,72.46601058773608,73.2644271850586,3365700,0.0,0.0,GEHC
2024-02-06 00:00:00-05:00,76.59778829472512,82.945175660276,76.40816266889688,81.79745483398438,12511200,0.0,0.0,GEHC
2024-02-07 00:00:00-05:00,81.87729959531727,82.34437377479011,80.01100542884579,81.66771697998047,4278100,0.0,0.0,GEHC
2024-02-08 00:00:00-05:00,81.36832242629599,81.97711338773934,80.27649009352656,81.89727020263672,2483800,0.0,0.0,GEHC
2024-02-09 00:00:00-05:00,82.12680863851625,82.58589548216763,80.45014000270649,81.1786880493164,2755000,0.0,0.0,GEHC
2024-02-12 00:00:00-05:00,81.45814425104183,83.14478767848435,81.2285970077577,83.00506591796875,2304300,0.0,0.0,GEHC
2024-02-13 00:00:00-05:00,82.18668061826445,82.55295716371354,80.99904582331136,82.14675903320312,2529800,0.0,0.0,GEHC
2024-02-14 00:00:00-05:00,82.436196574651,83.27453475200946,82.17671004186566,83.00506591796875,2214800,0.0,0.0,GEHC
2024-02-15 00:00:00-05:00,83.77353137155418,85.56995701604072,83.75856172891991,85.46017456054688,2346100,0.0,0.0,GEHC
2024-02-16 00:00:00-05:00,83.34437924228374,87.11688126285797,83.32441464369911,85.84939575195312,13130900,0.0,0.0,GEHC
2024-02-20 00:00:00-05:00,85.75958687598829,86.63783894903737,85.41028250683604,86.21867370605469,6372600,0.0,0.0,GEHC
2024-02-21 00:00:00-05:00,82.83539344035493,85.04100962909128,81.89725522265877,84.81147003173828,5839800,0.0,0.0,GEHC
2024-02-22 00:00:00-05:00,85.28053486404568,87.92528097976967,84.83641768037938,87.46619415283203,4154900,0.0,0.0,GEHC
2024-02-23 00:00:00-05:00,87.22667008994422,89.55205106795479,87.06199640376607,88.89335632324219,3815600,0.0,0.0,GEHC
2024-02-26 00:00:00-05:00,88.76362369632398,90.53011022270346,88.61391964155108,90.44029235839844,3805100,0.0,0.0,GEHC
2024-02-27 00:00:00-05:00,89.8315004760311,92.3964035238011,89.31152997172163,92.33651733398438,3993400,0.0,0.0,GEHC
2024-02-28 00:00:00-05:00,92.0670483100136,93.77265862812582,91.8175441140515,92.83551788330078,3431900,0.0,0.0,GEHC
2024-02-29 00:00:00-05:00,93.12494910658248,93.15488839356539,88.69375950503478,91.0989761352539,6144000,0.0,0.0,GEHC
2024-03-01 00:00:00-05:00,90.8694313496398,92.87543960587516,90.39536728519889,92.53611755371094,2695900,0.0,0.0,GEHC
2024-03-04 00:00:00-05:00,92.75569469939799,93.31458173633429,92.24171659630161,92.54611206054688,2615200,0.0,0.0,GEHC
2024-03-05 00:00:00-05:00,92.5361287266505,93.31458069491396,91.33850387109813,91.6279296875,2804900,0.0,0.0,GEHC
2024-03-06 00:00:00-05:00,91.37842026517043,93.89342698883921,91.26863780263052,92.91536712646484,2521200,0.0,0.0,GEHC
2024-03-07 00:00:00-05:00,93.01517212077235,93.36448412750886,91.80757258436138,92.47624969482422,3014400,0.0,0.0,GEHC
2024-03-08 00:00:00-05:00,92.61596778290047,94.31259340156143,92.30657737816911,93.68384552001953,2852400,0.0,0.0,GEHC
2024-03-11 00:00:00-04:00,93.6239505324022,93.87345472430329,91.94728205825629,92.81555938720703,2123200,0.0,0.0,GEHC
2024-03-12 00:00:00-04:00,92.00717791953596,92.31656071347054,91.5181441697023,91.63790893554688,3042200,0.0,0.0,GEHC
2024-03-13 00:00:00-04:00,87.38635361626207,89.1877743488289,86.3783620723406,88.30453491210938,14434500,0.0,0.0,GEHC
2024-03-14 00:00:00-04:00,87.9252760953735,88.86341429767153,87.58595404772069,88.15482330322266,4859000,0.0,0.0,GEHC
2024-03-15 00:00:00-04:00,88.07499325036257,89.55206164325142,87.75562814031429,89.23269653320312,7309500,0.0,0.0,GEHC
2024-03-18 00:00:00-04:00,89.72171444610908,90.77960984823923,89.31652138006172,90.43030548095703,2843900,0.0,0.0,GEHC
2024-03-19 00:00:00-04:00,90.42031700563388,90.81952523280663,90.18079511503568,90.59996032714844,2996500,0.0,0.0,GEHC
2024-03-20 00:00:00-04:00,90.30057197646667,90.92931987894877,89.97122457381501,90.70975494384766,2016900,0.0,0.0,GEHC
2024-03-21 00:00:00-04:00,91.06903077657702,91.99718668248694,90.93929133687958,91.01912689208984,2754900,0.0,0.0,GEHC
2024-03-22 00:00:00-04:00,91.27862024651908,91.71775009736861,89.19276868351244,89.55205535888672,6178000,0.0,0.0,GEHC
2024-03-25 00:00:00-04:00,89.63189940005553,89.92132522783726,88.07499540231315,88.10493469238281,2436000,0.0,0.0,GEHC
2024-03-26 00:00:00-04:00,88.30453006442087,89.1658175297208,87.526070562234,88.89335632324219,2845200,0.0,0.0,GEHC
2024-03-27 00:00:00-04:00,89.78159315416568,90.51014879067523,89.5370762895687,90.13089752197266,2629100,0.0,0.0,GEHC
2024-03-28 00:00:00-04:00,90.02111479188686,90.96923534653972,89.47221010533806,90.7297134399414,2108000,0.0,0.0,GEHC
2024-04-01 00:00:00-04:00,91.1289085063378,91.27861254415532,89.01311783463079,89.3524398803711,1958200,0.0,0.0,GEHC
2024-04-02 00:00:00-04:00,88.6737949187373,89.06302087810735,87.68576037681824,87.93526458740234,3010700,0.0,0.0,GEHC
2024-04-03 00:00:00-04:00,88.07498740288653,89.87142078655484,87.93526565240838,88.85343933105469,4403900,0.0,0.0,GEHC
2024-04-04 00:00:00-04:00,89.9712199309271,90.65984637498639,87.6957427468754,87.78556060791016,2728200,0.0,0.0,GEHC
2024-04-05 00:00:00-04:00,87.78555733167421,89.32250412644426,87.67577487388607,88.29454803466797,1591900,0.0,0.0,GEHC
2024-04-08 00:00:00-04:00,88.5540379639463,88.66880776907134,87.44623865739533,87.53605651855469,1692400,0.0,0.0,GEHC
2024-04-09 00:00:00-04:00,87.95522060600499,88.06500306659494,86.27855202476137,86.76758575439453,4173400,0.0,0.0,GEHC
2024-04-10 00:00:00-04:00,85.21067504823998,86.52805697231751,85.07095329979722,85.22065734863281,2926100,0.0,0.0,GEHC
2024-04-11 00:00:00-04:00,86.30850730478699,88.74366343200136,85.44022983607965,88.03507232666016,3071000,0.0,0.0,GEHC
2024-04-12 00:00:00-04:00,86.89732089011413,87.35640769604822,85.88433446568908,86.10888671875,2226800,0.0,0.0,GEHC
2024-04-15 00:00:00-04:00,87.42627638748485,87.73566679523267,85.35039946812641,85.95919036865234,1983600,0.0,0.0,GEHC
2024-04-16 00:00:00-04:00,85.65979000422466,86.26858090566279,85.18073855509166,85.70968627929688,1868200,0.0,0.0,GEHC
2024-04-17 00:00:00-04:00,85.89930920792914,86.07895254389565,84.99111784195587,85.02105712890625,1711600,0.0,0.0,GEHC
2024-04-18 00:00:00-04:00,85.20075127769661,85.98447408807323,84.48193246439672,84.83135986328125,1815300,0.03,0.0,GEHC
2024-04-19 00:00:00-04:00,84.86132001622138,85.47032539275237,83.96278686913082,84.3521499633789,1891800,0.0,0.0,GEHC
2024-04-22 00:00:00-04:00,84.67162378829352,84.94118752885664,84.04265442189056,84.17243957519531,2113700,0.0,0.0,GEHC
2024-04-23 00:00:00-04:00,84.85132843670209,86.50862364178663,84.65165780288424,86.09928894042969,1951300,0.0,0.0,GEHC
2024-04-24 00:00:00-04:00,85.96950115323158,87.1375903208251,85.66000939522291,86.57850646972656,2020300,0.0,0.0,GEHC
2024-04-25 00:00:00-04:00,85.85969014804132,86.53359192563329,84.60174371777832,85.80976867675781,1362900,0.0,0.0,GEHC
2024-04-26 00:00:00-04:00,85.22072748790617,86.75821574253214,85.02105685408833,86.09928894042969,1790600,0.0,0.0,GEHC
2024-04-29 00:00:00-04:00,86.15920669207507,89.03450529989816,86.15920669207507,88.7948989868164,4353000,0.0,0.0,GEHC
2024-04-30 00:00:00-04:00,80.90777980448705,82.16572617960593,75.9558732247318,76.11560821533203,14433600,0.0,0.0,GEHC
2024-05-01 00:00:00-04:00,76.39514255218,79.0008845469054,76.37517853669856,78.13230895996094,5303300,0.0,0.0,GEHC
2024-05-02 00:00:00-04:00,79.06079212532042,79.24049873311509,77.06405542402233,77.70301055908203,2995700,0.0,0.0,GEHC
2024-05-03 00:00:00-04:00,78.3719135369861,79.92936568705002,78.3719135369861,79.34033203125,2722700,0.0,0.0,GEHC
2024-05-06 00:00:00-04:00,79.47012155843476,79.86947043399398,78.52167464380958,79.6697998046875,2389700,0.0,0.0,GEHC
2024-05-07 00:00:00-04:00,79.86947486099052,81.5467341377492,79.54001144912174,81.2971420288086,3225500,0.0,0.0,GEHC
2024-05-08 00:00:00-04:00,80.8778258166956,81.44189878038195,80.1190637037037,80.9776611328125,2748400,0.0,0.0,GEHC
2024-05-09 00:00:00-04:00,81.36702006448604,82.62496631111131,81.02757848354128,82.59501647949219,1952700,0.0,0.0,GEHC
2024-05-10 00:00:00-04:00,83.03429556828773,83.34278950585083,82.57504703177031,83.26392364501953,1856300,0.0,0.0,GEHC
2024-05-13 00:00:00-04:00,83.75313109002104,83.86295223206164,80.44853386210927,80.89779663085938,1885300,0.0,0.0,GEHC
2024-05-14 00:00:00-04:00,80.8678386422785,81.55671526072811,80.16898382424718,80.38861846923828,2500700,0.0,0.0,GEHC
2024-05-15 00:00:00-04:00,81.05753308912644,82.1058153422655,80.00924321904095,81.77635955810547,1956200,0.0,0.0,GEHC
2024-05-16 00:00:00-04:00,81.36703009271248,81.83126777391675,80.76801053566473,81.17733764648438,1627100,0.0,0.0,GEHC
2024-05-17 00:00:00-04:00,80.86783541981335,81.74639681560708,80.28877995540692,81.72643280029297,1321000,0.0,0.0,GEHC
2024-05-20 00:00:00-04:00,81.83626520826797,82.53512009479026,81.33708097019577,81.61662292480469,1248500,0.0,0.0,GEHC
2024-05-21 00:00:00-04:00,81.61662011966436,81.86621223012204,80.96767910908503,81.80631256103516,1150200,0.0,0.0,GEHC
2024-05-22 00:00:00-04:00,81.43691902219037,81.75639664057975,80.23887985746697,80.48847198486328,1633600,0.0,0.0,GEHC
2024-05-23 00:00:00-04:00,80.84787858099713,80.84787858099713,79.10073383350768,79.20056915283203,2034900,0.0,0.0,GEHC
2024-05-24 00:00:00-04:00,79.70973311589493,80.12905365232274,78.78125777287842,79.71971893310547,1433900,0.0,0.0,GEHC
2024-05-28 00:00:00-04:00,79.24050453149654,79.58993195640366,78.37192126077319,78.62151336669922,1854800,0.0,0.0,GEHC
2024-05-29 00:00:00-04:00,77.94262893551998,78.7912406419777,77.78289393542012,78.32200622558594,2397000,0.0,0.0,GEHC
2024-05-30 00:00:00-04:00,77.87273330901223,78.8012162031437,76.81446526813306,78.44180297851562,2751700,0.0,0.0,GEHC
2024-05-31 00:00:00-04:00,78.6015463427033,78.6015463427033,76.78451618575193,77.87273406982422,7002100,0.0,0.0,GEHC
2024-06-03 00:00:00-04:00,77.93263543532595,78.67143354091908,76.12559105556107,77.02412414550781,3059500,0.0,0.0,GEHC
2024-06-04 00:00:00-04:00,76.92428978152262,77.69303011320375,76.1255919990166,77.39351654052734,1967200,0.0,0.0,GEHC
2024-06-05 00:00:00-04:00,77.33361105214058,77.65308861770771,76.4949852988816,76.83442687988281,2637500,0.0,0.0,GEHC
2024-06-06 00:00:00-04:00,76.52493934382385,77.02412354356576,75.63639207763896,76.8743667602539,2474900,0.0,0.0,GEHC
2024-06-07 00:00:00-04:00,76.59482370385938,76.90431546573785,75.78614774955943,76.21543884277344,2357000,0.0,0.0,GEHC
2024-06-10 00:00:00-04:00,75.84604924664681,75.8859848970384,75.09727293993429,75.65635681152344,2116100,0.0,0.0,GEHC
2024-06-11 00:00:00-04:00,75.42673317842687,75.42673317842687,74.38842916264727,74.61804962158203,2655600,0.0,0.0,GEHC
2024-06-12 00:00:00-04:00,75.0772985357409,76.10562435724691,74.8876137245638,75.8460464477539,3081600,0.0,0.0,GEHC
2024-06-13 00:00:00-04:00,75.04734972550419,77.20382909476484,75.01739989264439,76.8643798828125,2530200,0.0,0.0,GEHC
2024-06-14 00:00:00-04:00,76.07566087963008,76.48499553589293,74.9874430963967,76.36518859863281,2576800,0.0,0.0,GEHC
2024-06-17 00:00:00-04:00,76.13558094453509,77.73296895824072,75.83606735955104,77.42347717285156,2190500,0.0,0.0,GEHC
2024-06-18 00:00:00-04:00,77.18386303198658,78.59156621356236,77.04409205725595,78.14229583740234,2032500,0.0,0.0,GEHC
2024-06-20 00:00:00-04:00,77.87274124213916,79.96931352142273,77.72298444713026,79.31039428710938,3408100,0.0,0.0,GEHC
2024-06-21 00:00:00-04:00,79.69974400136033,79.96930009355684,78.36192650538366,79.04081726074219,5198000,0.0,0.0,GEHC
2024-06-24 00:00:00-04:00,79.20056416041511,79.51005591589576,78.53165918446513,78.72134399414062,2270100,0.0,0.0,GEHC
2024-06-25 00:00:00-04:00,78.85114016128712,79.1506461133141,78.24213482346855,78.68141174316406,1848500,0.0,0.0,GEHC
2024-06-26 00:00:00-04:00,78.73133149071901,79.16063020116641,77.83778752019712,77.87273406982422,2426200,0.0,0.0,GEHC
2024-06-27 00:00:00-04:00,77.88272263720269,78.9709405597103,77.76291568460924,78.69139862060547,2192600,0.0,0.0,GEHC
2024-06-28 00:00:00-04:00,79.08077356744258,79.51806253565262,77.10400806303905,77.79287719726562,9422500,0.0,0.0,GEHC
2024-07-01 00:00:00-04:00,78.22216058653346,78.22216058653346,76.09563869182318,76.13557434082031,3081400,0.0,0.0,GEHC
2024-07-02 00:00:00-04:00,76.13557411342686,76.5848368336469,75.55651863011724,76.20545959472656,2171300,0.0,0.0,GEHC
2024-07-03 00:00:00-04:00,76.24539986424648,77.2237966617353,76.18549257882609,77.11397552490234,1346700,0.0,0.0,GEHC
2024-07-05 00:00:00-04:00,77.0740437442023,77.12396521506854,76.42511032462343,76.93427276611328,1689500,0.0,0.0,GEHC
2024-07-08 00:00:00-04:00,76.87437439713042,77.51332962691964,76.18549769562915,76.22543334960938,1662000,0.0,0.0,GEHC
2024-07-09 00:00:00-04:00,76.22542728638251,76.8743682822846,75.616421941284,76.74458312988281,2152500,0.0,0.0,GEHC
2024-07-10 00:00:00-04:00,76.80447871206438,79.09074318456555,76.80447871206438,79.01087188720703,2475300,0.0,0.0,GEHC
2024-07-11 00:00:00-04:00,79.06080158927564,80.58830412990666,79.06080158927564,79.80957794189453,2540600,0.0,0.0,GEHC
2024-07-12 00:00:00-04:00,80.15899552080799,81.19230279947809,79.80956812263322,80.14900970458984,2579000,0.0,0.0,GEHC
2024-07-15 00:00:00-04:00,80.11906562230511,80.49844287941278,79.71971673132799,80.05916595458984,2483200,0.0,0.0,GEHC
2024-07-16 00:00:00-04:00,80.31872840942604,82.8246350288716,80.0591581300644,82.50515747070312,3524300,0.0,0.0,GEHC
2024-07-17 00:00:00-04:00,82.4552485607101,83.48357448653182,81.82627916457864,82.33544921875,2567800,0.0,0.0,GEHC
2024-07-18 00:00:00-04:00,81.81628846560983,83.36875165377475,80.75802038438559,80.8478775024414,3233900,0.0,0.0,GEHC
2024-07-19 00:00:00-04:00,81.12752045528886,81.2823236821544,79.809186122933,80.33851623535156,2428200,0.03,0.0,GEHC
2024-07-22 00:00:00-04:00,80.97770542710794,81.27732235351395,79.99893851340333,81.12751770019531,2439400,0.0,0.0,GEHC
2024-07-23 00:00:00-04:00,80.77795469936137,81.10754018235934,80.39843687091361,80.71803283691406,1529000,0.0,0.0,GEHC
2024-07-24 00:00:00-04:00,80.89781484726659,81.3871945566343,79.5295404209303,79.58946990966797,2517000,0.0,0.0,GEHC
2024-07-25 00:00:00-04:00,80.30856305078075,80.95773695254785,79.6294205946725,79.81917572021484,2512400,0.0,0.0,GEHC
2024-07-26 00:00:00-04:00,80.63813257143364,81.58494220016905,79.89906832298136,80.3984375,2532900,0.0,0.0,GEHC
2024-07-29 00:00:00-04:00,80.57820559602904,82.35496034459095,80.418403812033,81.94647979736328,2790400,0.0,0.0,GEHC
2024-07-30 00:00:00-04:00,82.43586875683036,83.97392681292045,80.89781070074027,82.54573059082031,5269100,0.0,0.0,GEHC
2024-07-31 00:00:00-04:00,79.99894758844266,88.13866740535579,79.8990752683112,84.52323150634766,8043400,0.0,0.0,GEHC
2024-08-01 00:00:00-04:00,83.99389838186794,84.89276447080681,82.11627292257175,83.29478454589844,3561600,0.0,0.0,GEHC
2024-08-02 00:00:00-04:00,82.69554010825738,83.42461485150139,80.69306479916555,83.33473205566406,2986200,0.0,0.0,GEHC
2024-08-05 00:00:00-04:00,81.86658926431691,82.26608615508869,79.6393992416087,81.41715240478516,3589100,0.0,0.0,GEHC
2024-08-06 00:00:00-04:00,82.00641173972171,82.82537693397751,81.06759519273234,81.4471206665039,2686700,0.0,0.0,GEHC
2024-08-07 00:00:00-04:00,82.12626749073479,82.55572533631793,78.68061520786446,79.23990631103516,2401200,0.0,0.0,GEHC
2024-08-08 00:00:00-04:00,79.81917458775128,82.29604928070154,79.57947949481081,82.21614837646484,1632600,0.0,0.0,GEHC
2024-08-09 00:00:00-04:00,82.21614523917178,83.36469592949538,81.21241588472213,83.29478454589844,1584300,0.0,0.0,GEHC
2024-08-12 00:00:00-04:00,83.09503753089237,83.09503753089237,81.60691934637006,82.2660903930664,1564400,0.0,0.0,GEHC
2024-08-13 00:00:00-04:00,83.0850453159412,84.38340059190894,82.41588483411265,84.06380462646484,1766200,0.0,0.0,GEHC
2024-08-14 00:00:00-04:00,84.08378553117858,84.12373598021904,82.64559984479799,83.36469268798828,1904600,0.0,0.0,GEHC
2024-08-15 00:00:00-04:00,83.86406651193062,85.83158242237337,83.86406651193062,85.19239044189453,2319400,0.0,0.0,GEHC
2024-08-16 00:00:00-04:00,84.82284929604629,85.04257295460738,84.05382411085148,84.6930160522461,1341700,0.0,0.0,GEHC
2024-08-19 00:00:00-04:00,84.59313338481958,85.50198892133788,84.04383187594884,85.48200988769531,1439000,0.0,0.0,GEHC
2024-08-20 00:00:00-04:00,85.05256855187761,85.59188059992066,83.7342265062672,83.8341064453125,1464200,0.0,0.0,GEHC
2024-08-21 00:00:00-04:00,84.53321489199651,84.53321489199651,83.43460421070769,84.37342071533203,984300,0.0,0.0,GEHC
2024-08-22 00:00:00-04:00,84.67304386226485,84.67304386226485,83.84408912696688,84.26356506347656,944800,0.0,0.0,GEHC
2024-08-23 00:00:00-04:00,84.89276596962425,85.46204656604154,83.8440875773858,84.67304229736328,1511800,0.0,0.0,GEHC
2024-08-26 00:00:00-04:00,84.53321988082897,85.3122346349943,84.06381160081409,84.38340759277344,1475100,0.0,0.0,GEHC
2024-08-27 00:00:00-04:00,84.42334866516235,84.59313235020393,83.92397950696807,84.30350494384766,1208100,0.0,0.0,GEHC
2024-08-28 00:00:00-04:00,84.31349160763997,84.31349160763997,83.22487043871763,83.82411193847656,1131300,0.0,0.0,GEHC
2024-08-29 00:00:00-04:00,84.14371406594272,84.89276790035764,83.57443345657816,83.97393035888672,1264700,0.0,0.0,GEHC
2024-08-30 00:00:00-04:00,84.34345386026983,84.7729116721123,83.4845382365849,84.7129898071289,1838600,0.0,0.0,GEHC
2024-09-03 00:00:00-04:00,84.45331335939638,85.45904666822831,84.22360780345996,84.6930160522461,1963900,0.0,0.0,GEHC
2024-09-04 00:00:00-04:00,84.10375466127273,87.60932836671768,84.10375466127273,87.43954467773438,2008000,0.0,0.0,GEHC
2024-09-05 00:00:00-04:00,87.2897400714497,88.38835081754438,86.57064718461842,87.17987823486328,2321000,0.0,0.0,GEHC
2024-09-06 00:00:00-04:00,87.11995804257526,87.63929868206665,84.90275747213933,84.98265075683594,2696500,0.0,0.0,GEHC
2024-09-09 00:00:00-04:00,85.25231411135971,86.35092487479984,84.61312211736656,85.01261901855469,1659600,0.0,0.0,GEHC
2024-09-10 00:00:00-04:00,85.10249500160539,85.621843217465,84.73295906415794,85.44207000732422,1558900,0.0,0.0,GEHC
2024-09-11 00:00:00-04:00,85.1524364519668,87.29972549392001,83.03510834226446,87.08000183105469,2630300,0.0,0.0,GEHC
2024-09-12 00:00:00-04:00,86.91021543018003,87.35965229866665,85.93145602904575,87.34966278076172,1394300,0.0,0.0,GEHC
2024-09-13 00:00:00-04:00,86.50072944979772,87.04004907533171,85.60186340724105,86.80035400390625,10515100,0.0,0.0,GEHC
2024-09-16 00:00:00-04:00,87.0400594383149,87.13993176165222,85.74669494463743,86.53070068359375,4680200,0.0,0.0,GEHC
2024-09-17 00:00:00-04:00,86.53069156610921,88.07873908391896,86.24105652511008,86.68050384521484,3144200,0.0,0.0,GEHC
2024-09-18 00:00:00-04:00,87.30970427108274,89.57684458078208,86.88524504641664,88.41830444335938,3508400,0.0,0.0,GEHC
2024-09-19 00:00:00-04:00,89.55686267120902,90.67545232455153,88.65799666582384,90.50566864013672,3128100,0.0,0.0,GEHC
2024-09-20 00:00:00-04:00,90.23601093001037,91.01502564570167,89.48196619772334,90.16609954833984,9492300,0.0,0.0,GEHC
2024-09-23 00:00:00-04:00,90.38582486492622,91.49841785348966,90.21604116630026,90.76534271240234,2908800,0.0,0.0,GEHC
2024-09-24 00:00:00-04:00,90.88520106776774,92.22350696446291,89.68671794774906,92.09367370605469,3537800,0.0,0.0,GEHC
2024-09-25 00:00:00-04:00,92.67293837802893,93.41200267108157,92.03374640245325,92.89266204833984,4044700,0.0,0.0,GEHC
2024-09-26 00:00:00-04:00,90.9051672140552,92.60302709204167,89.26723682243399,92.3733139038086,5273200,0.0,0.0,GEHC
2024-09-27 00:00:00-04:00,92.56307142022087,94.43071489473449,91.77406720221038,91.87393951416016,12623800,0.0,0.0,GEHC
2024-09-30 00:00:00-04:00,92.39329961399812,94.20101383808269,92.27344825237856,93.73160552978516,3977300,0.0,0.0,GEHC
2024-10-01 00:00:00-04:00,93.70164099630938,93.70164099630938,91.03501116577104,91.55435180664062,2615400,0.0,0.0,GEHC
2024-10-02 00:00:00-04:00,91.51439235040488,92.36332604449015,90.85522900108671,90.92514038085938,1763400,0.0,0.0,GEHC
2024-10-03 00:00:00-04:00,90.39581160951865,90.72538947916235,89.4070551412805,89.7666015625,2592900,0.0,0.0,GEHC
2024-10-04 00:00:00-04:00,90.52564986266145,91.35460458077021,89.80655698043552,91.3046646118164,1988600,0.0,0.0,GEHC
2024-10-07 00:00:00-04:00,90.88519717825913,91.18482175532603,89.6018146375383,89.94638061523438,2623400,0.0,0.0,GEHC
2024-10-08 00:00:00-04:00,90.12614757723921,90.90216771056498,89.74662974311653,90.5755844116211,2075400,0.0,0.0,GEHC
2024-10-09 00:00:00-04:00,90.68544798316876,90.90516402623842,89.88146328220084,90.65547943115234,2122900,0.0,0.0,GEHC
2024-10-10 00:00:00-04:00,90.18607888299033,90.7453699382151,89.68171112376092,90.13613891601562,2269300,0.0,0.0,GEHC
2024-10-11 00:00:00-04:00,90.5655965944057,91.49442359250637,90.2759615498615,90.91515350341797,1372100,0.0,0.0,GEHC
2024-10-14 00:00:00-04:00,90.93512923893869,91.68418299669017,90.45573148127943,91.50440979003906,1342800,0.0,0.0,GEHC
2024-10-15 00:00:00-04:00,91.77406976790402,91.83899020138237,90.49568585176203,90.5955581665039,2474300,0.0,0.0,GEHC
2024-10-16 00:00:00-04:00,90.92515115306367,91.00505205934682,89.85150272677963,90.10618591308594,1823100,0.0,0.0,GEHC
2024-10-17 00:00:00-04:00,90.62552054677624,90.80529376409133,90.1461303804489,90.7054214477539,1711100,0.0,0.0,GEHC
2024-10-18 00:00:00-04:00,89.97609934437907,91.49468760920604,89.90117226189525,91.2549057006836,1609500,0.03,0.0,GEHC
2024-10-21 00:00:00-04:00,90.80532765467596,91.3648035280988,89.43660118172414,89.71634674072266,1675400,0.0,0.0,GEHC
2024-10-22 00:00:00-04:00,89.17685016312123,89.47656611863826,87.6133056316165,89.22679901123047,2210200,0.0,0.0,GEHC
2024-10-23 00:00:00-04:00,88.56741446592346,90.27582050138899,88.02791661962588,89.20681762695312,2116600,0.0,0.0,GEHC
2024-10-24 00:00:00-04:00,89.47656564471696,89.8961801758778,88.51746087202545,88.81718444824219,1291700,0.0,0.0,GEHC
2024-10-25 00:00:00-04:00,89.17685269388187,89.56648878271258,88.21774788889184,88.33763122558594,2035500,0.0,0.0,GEHC
2024-10-28 00:00:00-04:00,86.57926832996644,86.88397686446059,84.82090587006918,85.84994506835938,4223700,0.0,0.0,GEHC
2024-10-29 00:00:00-04:00,85.58020307695976,86.61922750867701,84.93080709042123,85.19055938720703,3762300,0.0,0.0,GEHC
2024-10-30 00:00:00-04:00,89.64640854396447,90.07600824963347,85.72006952964112,87.11875915527344,4700400,0.0,0.0,GEHC
2024-10-31 00:00:00-04:00,86.03977348660929,88.06288090194431,85.91988253439844,87.26862335205078,3259500,0.0,0.0,GEHC
2024-11-01 00:00:00-04:00,87.12875558873749,88.35761309343474,86.63921419945224,86.8689956665039,3383300,0.0,0.0,GEHC
2024-11-04 00:00:00-05:00,87.51839077202023,87.83809235679624,86.46937351992096,86.9089584350586,1431700,0.0,0.0,GEHC
2024-11-05 00:00:00-05:00,86.7291264565364,88.10784574415415,86.7291264565364,88.08786010742188,1656200,0.0,0.0,GEHC
2024-11-06 00:00:00-05:00,89.83623199621134,89.91615930049406,84.99574420096877,86.69915771484375,4163100,0.0,0.0,GEHC
2024-11-07 00:00:00-05:00,87.02884654749536,88.79719421320188,86.85500505294256,88.24771118164062,2497300,0.0,0.0,GEHC
2024-11-08 00:00:00-05:00,88.71728365367014,89.02699244187454,85.76003425923192,85.85994720458984,10190500,0.0,0.0,GEHC
2024-11-11 00:00:00-05:00,86.91894838190538,87.06881016219361,84.39130661979057,85.3104476928711,4367000,0.0,0.0,GEHC
2024-11-12 00:00:00-05:00,85.34042319046576,85.82997220765921,84.64107834059966,84.84088897705078,3918900,0.0,0.0,GEHC
2024-11-13 00:00:00-05:00,85.04070448880546,85.3254350176653,83.17743644490807,84.10157775878906,3014800,0.0,0.0,GEHC
2024-11-14 00:00:00-05:00,83.57207384085095,84.61110589968617,82.62295428002416,82.8427505493164,3061100,0.0,0.0,GEHC
2024-11-15 00:00:00-05:00,82.73284745318801,82.74284027090759,81.44404836968025,81.68383026123047,3768400,0.0,0.0,GEHC
2024-11-18 00:00:00-05:00,81.82370850258644,83.40723109902713,81.80872308545037,82.6429443359375,2918000,0.0,0.0,GEHC
2024-11-19 00:00:00-05:00,81.92361063792077,83.15246815129593,81.63387988074635,82.44312286376953,2513600,0.0,0.0,GEHC
2024-11-20 00:00:00-05:00,82.42314935289885,85.21055131841685,82.33323684866646,84.82091522216797,6103400,0.0,0.0,GEHC
2024-11-21 00:00:00-05:00,84.52118312698724,85.18057191417135,81.76375227362179,81.9236068725586,4930600,0.0,0.0,GEHC
2024-11-22 00:00:00-05:00,81.88364874916574,82.50307392842076,80.4849514032176,82.36320495605469,5934900,0.0,0.0,GEHC
2024-11-25 00:00:00-05:00,83.28234503604257,83.42221400662999,81.82370604114003,82.58300018310547,5272900,0.0,0.0,GEHC
2024-11-26 00:00:00-05:00,82.70288110107188,83.35227708685345,82.31324503406034,82.43313598632812,2040900,0.0,0.0,GEHC
2024-11-27 00:00:00-05:00,82.77282191958722,83.82683946930028,82.64094872205764,82.92268371582031,1808000,0.0,0.0,GEHC
2024-11-29 00:00:00-05:00,83.17244977727889,83.4322097126256,82.81278451981036,83.1424789428711,1277700,0.0,0.0,GEHC
2024-12-02 00:00:00-05:00,82.81277619498482,83.1724414162977,82.31324201230436,83.00260162353516,2247000,0.0,0.0,GEHC
2024-12-03 00:00:00-05:00,82.40316763896297,82.98262153668169,81.9575763496253,82.49308013916016,2026700,0.0,0.0,GEHC
2024-12-04 00:00:00-05:00,82.5430345243431,83.13248122573233,82.42314357148851,82.93267059326172,1932700,0.0,0.0,GEHC
2024-12-05 00:00:00-05:00,82.68290780493875,83.25237652170382,81.28421043781599,81.48902130126953,2269200,0.0,0.0,GEHC
2024-12-06 00:00:00-05:00,81.2941980396243,81.89363755212601,80.39503495972829,81.16431427001953,3177200,0.0,0.0,GEHC
2024-12-09 00:00:00-05:00,81.28420970288461,82.04350385913536,80.9844861189656,81.8237075805664,2372600,0.0,0.0,GEHC
2024-12-10 00:00:00-05:00,82.34321345278407,82.92267493832844,81.56893393944473,82.28327178955078,3124600,0.0,0.0,GEHC
2024-12-11 00:00:00-05:00,81.97356774544292,83.2523741165114,81.70381500081263,82.67291259765625,3890100,0.0,0.0,GEHC
2024-12-12 00:00:00-05:00,82.25329987381052,82.54303061276397,80.76468252998556,81.55394744873047,2370000,0.0,0.0,GEHC
2024-12-13 00:00:00-05:00,81.32417580240963,81.41408830691816,80.5449036075186,81.02445220947266,2836000,0.0,0.0,GEHC
2024-12-16 00:00:00-05:00,80.68476569665538,81.70381210552449,80.01538407921484,80.21520233154297,2908800,0.0,0.0,GEHC
2024-12-17 00:00:00-05:00,80.2651512415974,80.75470024347452,79.13620669862377,79.1761703491211,3557100,0.0,0.0,GEHC
2024-12-18 00:00:00-05:00,79.29606324772772,80.29513166783235,76.90829033346063,77.01818084716797,3264100,0.0,0.0,GEHC
2024-12-19 00:00:00-05:00,77.2379810487418,78.10717336247751,76.87831578942271,77.35787200927734,3384400,0.0,0.0,GEHC
2024-12-20 00:00:00-05:00,77.49773126960433,78.9563701396246,76.81936300919065,78.83648681640625,11179900,0.0,0.0,GEHC
2024-12-23 00:00:00-05:00,78.7066120105434,79.2760807274996,77.45777643631597,79.20614624023438,2495700,0.0,0.0,GEHC
2024-12-24 00:00:00-05:00,79.46590440091167,79.71567151018448,78.66165400416172,79.28607177734375,1035700,0.0,0.0,GEHC
2024-12-26 00:00:00-05:00,79.02630984653743,80.10530556059776,78.9014262950662,79.6357421875,1622000,0.0,0.0,GEHC
2024-12-27 00:00:00-05:00,79.24610291502766,79.79559356821565,78.81650321043165,79.43592834472656,1533000,0.0,0.0,GEHC
2024-12-30 00:00:00-05:00,79.04629136091782,79.08625500997891,77.52770318574264,78.52677154541016,1850600,0.0,0.0,GEHC
2024-12-31 00:00:00-05:00,78.92640591208787,79.19615103418357,77.89736664950888,78.10717010498047,1877800,0.0,0.0,GEHC
2025-01-02 00:00:00-05:00,78.8464818363192,78.8464818363192,77.64760272103246,78.3069839477539,2658500,0.0,0.0,GEHC
2025-01-03 00:00:00-05:00,78.47682608532868,80.54489737414028,78.3169714821901,80.44498443603516,2712600,0.0,0.0,GEHC
2025-01-06 00:00:00-05:00,80.44498088886164,82.32323428148446,80.3450755774488,81.64386749267578,3746500,0.0,0.0,GEHC
2025-01-07 00:00:00-05:00,81.80371810159212,83.36226999357925,81.37411838336875,83.2923355102539,3382000,0.0,0.0,GEHC
2025-01-08 00:00:00-05:00,84.57114848794353,87.21868148851728,84.21148322480134,86.17964935302734,4432600,0.0,0.0,GEHC
2025-01-10 00:00:00-05:00,85.30045541928916,85.98981503964238,84.32137267675964,84.68103790283203,3792000,0.0,0.0,GEHC
2025-01-13 00:00:00-05:00,85.06068316307774,85.46530464644826,83.81884491965802,85.28047943115234,2903800,0.0,0.0,GEHC
2025-01-14 00:00:00-05:00,85.84518147386632,85.94512776818507,83.77626191727299,84.08609771728516,2821300,0.035,0.0,GEHC
2025-01-15 00:00:00-05:00,85.17553178852988,86.20499309469605,82.81676267178976,83.61634826660156,4148700,0.0,0.0,GEHC
2025-01-16 00:00:00-05:00,83.71629944813287,85.30546618821715,83.33549390777343,84.95565032958984,2115900,0.0,0.0,GEHC
2025-01-17 00:00:00-05:00,86.29494921158776,86.29494921158776,84.53587296625524,84.69578552246094,2855000,0.0,0.0,GEHC
2025-01-21 00:00:00-05:00,85.09557688292014,87.57428627736138,84.59583776210177,87.29442596435547,2861800,0.0,0.0,GEHC
2025-01-22 00:00:00-05:00,87.17448824747483,88.22393576324697,86.7077290693609,87.28443145751953,2381200,0.0,0.0,GEHC
2025-01-23 00:00:00-05:00,87.28443726617772,88.62373445888579,86.8146812693457,88.11400604248047,1696900,0.0,0.0,GEHC
2025-01-24 00:00:00-05:00,87.46434272981114,88.73367673670496,86.97459290296422,88.62373352050781,2008400,0.0,0.0,GEHC
2025-01-27 00:00:00-05:00,88.8336221535466,89.64320470345376,88.12399352676373,88.94356536865234,2376800,0.0,0.0,GEHC
2025-01-28 00:00:00-05:00,88.70369464603885,89.27339694325602,87.65423943386382,87.73419952392578,2406800,0.0,0.0,GEHC
2025-01-29 00:00:00-05:00,87.74419481804735,88.56376666248356,87.49432526028737,87.80416107177734,1336100,0.0,0.0,GEHC
2025-01-30 00:00:00-05:00,88.50380238627622,89.70317324015731,88.36387604083721,89.50328063964844,1618700,0.0,0.0,GEHC
2025-01-31 00:00:00-05:00,89.0834902585324,89.7531464556471,88.17396905115294,88.2539291381836,1775500,0.0,0.0,GEHC
2025-02-03 00:00:00-05:00,87.36439391413765,88.44382458460818,86.31493874445916,87.46434020996094,2142300,0.0,0.0,GEHC
2025-02-04 00:00:00-05:00,87.64424915086111,87.98406809166201,86.71473408428706,86.8846435546875,2488900,0.0,0.0,GEHC
2025-02-05 00:00:00-05:00,86.96459917406689,87.74419093975389,86.25497057644375,87.12451171875,2346900,0.0,0.0,GEHC
2025-02-06 00:00:00-05:00,87.46434117454105,90.69265155517608,87.31941256239743,88.50379943847656,3252700,0.0,0.0,GEHC
2025-02-07 00:00:00-05:00,88.75366717050856,89.31337252212616,87.45234460258416,87.59426879882812,1671400,0.0,0.0,GEHC
2025-02-10 00:00:00-05:00,87.95408482142857,88.23393750761237,86.8196748877636,87.454345703125,2036400,0.0,0.0,GEHC
2025-02-11 00:00:00-05:00,86.76470219367947,87.93409751118672,86.68974437703771,86.98458862304688,2392400,0.0,0.0,GEHC
2025-02-12 00:00:00-05:00,85.89515887602387,86.6247736911798,85.45538602826073,85.85517883300781,3656300,0.0,0.0,GEHC
2025-02-13 00:00:00-05:00,89.95304102937733,94.75053960110962,89.59322825522672,93.43122863769531,7832700,0.0,0.0,GEHC
2025-02-14 00:00:00-05:00,93.15136945070302,93.16136636827606,91.13242674953581,92.1618881225586,3946400,0.0,0.0,GEHC
2025-02-18 00:00:00-05:00,92.20186405204092,93.2113391702739,92.07692927690265,92.62164306640625,3262700,0.0,0.0,GEHC
2025-02-19 00:00:00-05:00,92.23184520645052,93.10139396797415,91.55219973920997,92.47171783447266,3284000,0.0,0.0,GEHC
2025-02-20 00:00:00-05:00,92.28182667629355,93.09140160132326,91.4922379606537,92.04194641113281,2341200,0.0,0.0,GEHC
2025-02-21 00:00:00-05:00,91.49223497339183,91.6921275624188,90.38281356584118,91.04246520996094,2854700,0.0,0.0,GEHC
2025-02-24 00:00:00-05:00,90.59270639636583,91.65215088283077,90.3238495579382,90.52274322509766,2769000,0.0,0.0,GEHC
2025-02-25 00:00:00-05:00,91.0424640604298,91.34231056559777,89.96303341773455,90.76261138916016,2310900,0.0,0.0,GEHC
2025-02-26 00:00:00-05:00,90.3228473940718,91.60217826596782,90.10795561653502,90.66266632080078,1845500,0.0,0.0,GEHC
2025-02-27 00:00:00-05:00,90.06298403692324,92.14989202184167,89.23341527480397,89.35335540771484,3926200,0.0,0.0,GEHC
2025-02-28 00:00:00-05:00,89.91305921986532,90.21290573424236,85.84518319374465,87.3044204711914,4214400,0.0,0.0,GEHC
2025-03-03 00:00:00-05:00,87.44435026649757,88.93357835455994,86.24497941242338,86.40489196777344,3556300,0.0,0.0,GEHC
2025-03-04 00:00:00-05:00,86.57480634818512,86.57480634818512,82.66684283936185,84.26600646972656,3998900,0.0,0.0,GEHC
2025-03-05 00:00:00-05:00,83.95616896750154,85.44339149501246,83.7462794601324,84.71577453613281,3111100,0.0,0.0,GEHC
2025-03-06 00:00:00-05:00,83.95617238625583,85.8251994452417,83.57637339918128,85.36544036865234,3946100,0.0,0.0,GEHC
2025-03-07 00:00:00-05:00,85.45538985253539,86.89464096386841,84.6558042072584,86.53482818603516,4076700,0.0,0.0,GEHC
2025-03-10 00:00:00-04:00,85.73024457528173,87.29442278112334,84.82571801965067,85.31546020507812,3552100,0.0,0.0,GEHC
2025-03-11 00:00:00-04:00,87.29442067927373,89.1834414569806,84.89567914490402,85.54533386230469,4276600,0.0,0.0,GEHC
2025-03-12 00:00:00-04:00,85.67527783546691,86.04507991212797,83.7112990854959,83.74628448486328,2819700,0.0,0.0,GEHC
2025-03-13 00:00:00-04:00,83.59636105007074,84.07611397001675,81.11765923568925,81.40750122070312,3605700,0.0,0.0,GEHC
2025-03-14 00:00:00-04:00,82.10713721940509,82.28704360384924,80.35904926527039,81.92723083496094,5207300,0.0,0.0,GEHC
2025-03-17 00:00:00-04:00,81.79729526589496,82.8517451110756,81.57741645907564,82.42697143554688,2526800,0.0,0.0,GEHC
2025-03-18 00:00:00-04:00,82.11713128509007,82.33701008029632,81.18761626864278,82.09713745117188,2899900,0.0,0.0,GEHC
2025-03-19 00:00:00-04:00,81.83727692391304,82.58189097039879,81.73733062331304,82.35700988769531,3124200,0.0,0.0,GEHC
2025-03-20 00:00:00-04:00,82.00719136033987,82.63685989654877,81.50745224815113,81.7673110961914,2731100,0.0,0.0,GEHC
2025-03-21 00:00:00-04:00,81.1076603082912,81.78730581321634,80.10818207313152,81.44747924804688,4304400,0.0,0.0,GEHC
2025-03-24 00:00:00-04:00,82.10713364584338,82.74679906815707,81.43748509832955,81.65736389160156,4453600,0.0,0.0,GEHC
2025-03-25 00:00:00-04:00,81.91723779553267,82.84675288826081,81.43749249791338,82.41697692871094,3730100,0.0,0.0,GEHC
2025-03-26 00:00:00-04:00,82.35700414130568,82.81676319231751,80.44300249797855,80.95773315429688,2859100,0.0,0.0,GEHC
2025-03-27 00:00:00-04:00,81.34753010934983,82.75679803191876,81.12764368522588,81.61739349365234,3074600,0.0,0.0,GEHC
2025-03-28 00:00:00-04:00,81.37751440679853,81.74532623299862,79.74337301614167,79.96825408935547,3189800,0.0,0.0,GEHC
2025-03-31 00:00:00-04:00,79.65840970679494,80.96773133764223,79.15867060543383,80.66788482666016,4151200,0.0,0.0,GEHC
2025-04-01 00:00:00-04:00,80.3280661445835,80.79781449595795,79.28860789551108,79.52848052978516,2996300,0.0,0.0,GEHC
2025-04-02 00:00:00-04:00,78.73889666121939,79.83832122993468,78.65893656975288,79.31859588623047,2806100,0.0,0.0,GEHC
2025-04-03 00:00:00-04:00,76.49507031355623,76.55003429603919,70.41323854817568,71.96243286132812,9331400,0.0,0.0,GEHC
2025-04-04 00:00:00-04:00,63.32693922366576,63.76371147062632,58.00971551630027,60.478424072265625,16890600,0.0,0.0,GEHC
2025-04-07 00:00:00-04:00,60.49841658628215,63.711739277158344,58.82429129850743,60.95817947387695,9299600,0.0,0.0,GEHC
2025-04-08 00:00:00-04:00,63.157026991891136,64.39638165527003,58.01970958019052,58.71934509277344,7418900,0.0,0.0,GEHC
2025-04-09 00:00:00-04:00,57.66989426686017,65.49580677539328,57.61992111821929,64.94609832763672,8488500,0.0,0.0,GEHC
2025-04-10 00:00:00-04:00,63.65676548951482,64.16649769635885,59.6658489873485,62.247501373291016,7636300,0.0,0.0,GEHC
2025-04-11 00:00:00-04:00,62.30747331859458,63.563817429411024,60.8272470592048,62.77722930908203,7221500,0.0,0.0,GEHC
2025-04-14 00:00:00-04:00,63.88664357047422,64.75119768829839,63.20700191432849,64.35639953613281,4896000,0.0,0.0,GEHC
2025-04-15 00:00:00-04:00,64.46634484767388,64.76619136224711,62.62730478013118,63.067073822021484,5405800,0.0,0.0,GEHC
2025-04-16 00:00:00-04:00,63.06707543457371,63.661766207587554,60.668329945602366,61.44792175292969,6206900,0.0,0.0,GEHC
2025-04-17 00:00:00-04:00,61.95765676962479,62.80721173475384,61.667807169679364,62.33745574951172,4474000,0.0,0.0,GEHC
2025-04-21 00:00:00-04:00,61.69778829087163,61.772749917759796,59.91871833043971,60.44844055175781,5755100,0.0,0.0,GEHC
2025-04-22 00:00:00-04:00,61.55786211962477,62.30747076510841,60.71830028417483,61.61783218383789,4508800,0.0,0.0,GEHC
2025-04-23 00:00:00-04:00,64.46634424665578,67.04499984662127,64.24146317552922,64.85614013671875,6292800,0.0,0.0,GEHC
2025-04-24 00:00:00-04:00,65.00606176595227,67.35483396472601,64.73619838702238,67.04499816894531,6555800,0.0,0.0,GEHC
2025-04-25 00:00:00-04:00,69.0,70.81999969482422,67.93000030517578,68.41999816894531,5508600,0.035,0.0,GEHC
2025-04-28 00:00:00-04:00,68.33000183105469,68.80000305175781,67.27999877929688,68.06999969482422,3896300,0.0,0.0,GEHC
2025-04-29 00:00:00-04:00,67.87999725341797,68.54000091552734,67.11000061035156,68.08999633789062,5692100,0.0,0.0,GEHC
2025-04-30 00:00:00-04:00,72.5,72.5999984741211,69.83999633789062,70.33000183105469,12759300,0.0,0.0,GEHC
2025-05-01 00:00:00-04:00,70.31999969482422,70.91999816894531,67.62999725341797,67.66999816894531,8115300,0.0,0.0,GEHC
2025-05-02 00:00:00-04:00,69.9000015258789,71.20999908447266,69.37000274658203,70.52999877929688,7209400,0.0,0.0,GEHC
2025-05-05 00:00:00-04:00,69.93000030517578,70.58999633789062,69.19000244140625,69.37000274658203,5927300,0.0,0.0,GEHC
2025-05-06 00:00:00-04:00,68.4800033569336,68.9800033569336,67.06999969482422,67.08999633789062,5677400,0.0,0.0,GEHC
2025-05-07 00:00:00-04:00,67.4749984741211,69.30999755859375,66.94999694824219,68.81999969482422,5304500,0.0,0.0,GEHC
2025-05-08 00:00:00-04:00,69.48999786376953,71.4000015258789,69.11000061035156,70.5,6022300,0.0,0.0,GEHC
2025-05-09 00:00:00-04:00,70.75,71.80999755859375,69.79000091552734,69.87000274658203,5724400,0.0,0.0,GEHC
2025-05-12 00:00:00-04:00,76.94999694824219,77.75,73.51000213623047,74.11000061035156,8031200,0.0,0.0,GEHC
2025-05-13 00:00:00-04:00,74.3499984741211,75.69000244140625,73.66999816894531,73.83000183105469,4751000,0.0,0.0,GEHC
2025-05-14 00:00:00-04:00,73.51000213623047,73.94499969482422,72.72000122070312,72.83999633789062,3849400,0.0,0.0,GEHC
2025-05-15 00:00:00-04:00,72.27999877929688,73.05999755859375,71.55500030517578,72.91000366210938,3448000,0.0,0.0,GEHC
2025-05-16 00:00:00-04:00,72.91000366210938,73.2300033569336,72.04499816894531,73.12999725341797,3309100,0.0,0.0,GEHC
2025-05-19 00:00:00-04:00,72.23999786376953,73.29000091552734,71.87999725341797,73.0999984741211,2418500,0.0,0.0,GEHC
2025-05-20 00:00:00-04:00,72.5999984741211,73.0,71.79000091552734,71.8499984741211,3268200,0.0,0.0,GEHC
2025-05-21 00:00:00-04:00,71.41999816894531,71.48999786376953,69.41000366210938,69.58000183105469,3225900,0.0,0.0,GEHC
2025-05-22 00:00:00-04:00,69.41000366210938,70.11499786376953,68.2229995727539,69.44000244140625,2835100,0.0,0.0,GEHC
2025-05-23 00:00:00-04:00,68.5,69.36000061035156,68.44000244140625,69.16000366210938,2486600,0.0,0.0,GEHC
2025-05-27 00:00:00-04:00,70.37999725341797,71.38999938964844,69.7699966430664,71.01000213623047,3183800,0.0,0.0,GEHC
2025-05-28 00:00:00-04:00,71.01000213623047,71.44999694824219,70.5,71.1500015258789,2448600,0.0,0.0,GEHC
2025-05-29 00:00:00-04:00,71.80000305175781,72.0,70.77999877929688,71.52999877929688,2807600,0.0,0.0,GEHC
2025-05-30 00:00:00-04:00,71.33999633789062,71.33999633789062,69.58999633789062,70.54000091552734,7095500,0.0,0.0,GEHC
